b'41501C37B87E025D002186694A88EA2A',1
b'7FDFE7CF86F102226AEB38B630A603ED',2
b'5C17DD43A53902B622927A49475F2389',3
b'268942AADFA70288C5E9F99FF0175DC6',4
b'F03C27F1091202CAADD8378F1DB7EB1C',5
b'AD6BEA84544502638D0211B16101D2B7',6
b'8EA3D008778D02F6374F81CD233F96D3',7
b'96A529686F8B0258975D1EF03A60F7D0',8
b'D0344571291A02C4E25F610030068A18',9
b'FC3F9FC105110293E5E5280003DCAA9D',10
b'9D678144644902AB121E9427C30D8FB1',11
b'B56D3BE44C4302488CD8492416D1F9B4',12
b'E57936A51C5702DAA84E52EECC82CDBE',13
b'C7F10C2D3EDF024DEE24487F31B888FA',14
b'57D50D6FAEFB02D8A8346332A9C08EE8',15
b'80208830790E02849C38EA4C86577F12',16
b'A569D2A45C470283F8B507A18B2F2AB6',17
b'40109433B93E02489940C10B04ACC40A',18
b'0401D822FD2F02190286349524334182',19
b'6E9B468B97B502BFF02A92F540EAF5CF',20
b'F57DF7E50C53023490DDF1EC957605BC',21
b'77DDC7EF8EF3025C6F4936D5AEBE31EC',22
b'87E1C02C7ECF021E83972FE4AA4D5AF2',23
b'996659546048026E022094FEAA6F7E31',24
b'D6B5A5692F9B02CFFBDD3E451FE435D8',25
b'A96A4A94504402BD02CE56B3DF5D5837',26
b'F57D87E50C530287F3FE0B8CA0F9A6BC',27
b'E178FEB5185602C3EE6D1A09F0C5BD3E',28
b'77DD9FEF8EF3023998007741B3DB1FEC',29
b'C7F18C2D3EDF02DD2781C92B8E1F39FA',30
b'AC2B3280550502A18693C14C17424E97',31
b'4E93E50BB7BD02726C7852B25C9733CB',32
b'73DC3EFF8AF202D4B203C6650CEB706C',33
b'BD6FCAC444410267E330470859132FB5',34
b'6D5BCF879475027EA021E9B7474F71AF',35
b'AEABCB88578502DBA6FEE2ED00F2ADD7',36
b'43D01D3FBAFE029C3C4A01391C9AE66A',37
b'6FDBC78F96F50262D2504EBC220CE4EF',38
b'B7ED42EC4EC30210F8D4AE4ECC3917F4',39
b'DBF6FC5D22D8024E524CADCEC7BA7F79',40
b'380ECAD2C1200201B5370DFC7F69EC05',41
b'F83EDED1011002674DB98743ADB5D01D',42
b'842111207D0F02768ECEFADE7C478892',43
b'5E97844BA7B9025ADB7CAB67BD4B98C9',44
b'3A8ECADAC3A002F06F314EA34F36BA45',45
b'4FD3850FB6FD021FBF80C299C544E0EB',46
b'EC3BB7811515023AB8CDB7061D31749F',47
b'2409C3A2DD27020D1FD0A875F1061986',48
b'17C5F86EEEEB02DA2F107B9C0A1618E0',49
b'CAB23D19339C02A529971EFD9CEA3A5B',50
b'67D9EFAF9EF7025969CC5665306946EE',51
b'B3EC9AFC4AC202991D93DED6D71C2274',52
b'2148BBB6D8660227494F74EE27323326',53
b'0541E11CB14702F025C30C88595F9CA2',54
b'8EA351323AA502B9A448562C43E319D3',55
b'8421891A302702CA1A492986E5FB4E92',56
b'54158C59E01302B1773295E458BC4188',57
b'0280F100B6860240EEB4DACA452D6642',58
b'6BDA6FA5DFDC02EAEF0257393AD2BE6F',59
b'CBF25D277FF402A68C12A76F00A8D77B',60
b'FC3F26FB4839026408B92F6B3BA92B9D',61
b'D7F58C5763F3029D4BB2216D7E6E16F8',62
b'18067868AC000281C4BD95250E44E701',63
b'D3F43F4767F20281F8391739B08AD978',64
b'E178148F557E0280EF2FDF4A2D57C13E',65
b'D2B43F4366B202400B827F9198EDDB58',66
b'314C09CC854A02CF85E29B2D2CB0B224',67
b'8962BA2E3D64026DFB1F5F990BF4D133',68
b'C972B62F7D740269214C6A13E0A3523B',69
b'D976AF6F6D7002703CEC861D8D1B9839',70
b'11442B4CA542024FEC2D55C17F48BF20',71
b'B2AC69C206AA02515221D430AF033454',72
b'4BD2FE25FFD402ED90B530373F77A96B',73
b'755D05DDC15B02D81E84EBEE69090AAC',74
b'53D46F45E7D202460F8158E32FBC3F68',75
b'CC33AE01351D02E20EA14F58C5A1019B',76
b'B2AC41F84B820203BFB9711654C6D954',77
b'81606A34784E0298ABC317EEE893BC32',78
b'5BD6CF5FA2F80277C390780722C5BC69',79
b'8421CA207D0F0253CE5B8EB2F71B6C92',80
b'23C8B8BEDAE6022D1CEE580FC0E53B66',81
b'81608A34784E0226F5CF25FC7853C032',82
b'A3E8A0BC5AC602CE09214ED009847976',83
b'A82A2890510402B49F172D3039516117',84
b'42908E3BBBBE020F65CDF786D254754A',85
b'EBFA0C9D12D4026988DAF60145B1397F',86
b'C9722615305C027DAC182CD77010F13B',87
b'DEB72F492799022F884ABED8357F37D9',88
b'37CDB9EECEE302C1703639A252FF76E4',89
b'1E87334AE7A902D8891CA969D471C1C1',90
b'769DBDEB8FB302D333F6777F4CD246CC',91
b'D7F59F6D2EDB0241B7C97E4F4D5071F8',92
b'67D99CAF9EF7021AA5AFDCBD99551EEE',93
b'C3F0CE3D3ADE02ED5179FA01BC7B9A7A',94
b'33CCC9FECAE2022D6C88C5DCCC833864',95
b'9C27CA40650902BDF8E7AE6BF2ED6291',96
b'C57157253C5F02134033BCD77A9E0DBA',97
b'E4395DA11D17025816BDC5E8B20C0C9E',98
b'B6AD70E84F8302036DC21EE462E8D4D4',99
b'3FCFD0CEC6E10229ACA0E615EC3185E5',100
b'C3F0173D3ADE02427423E6AFB73E6F7A',101
b'27C941AEDEE7028C73CDAA57C6BBCDE6',102
b'0D43EB06F46D02319159C579F44D81A3',103
b'0FC3B30EF6ED021E16A72FA51F6572E3',104
b'200849B2D926028BC2D1F16F19E59106',105
b'AEABB98857850220B858C99300053ED7',106
b'280AD992D12402AA3BB9E7C8FBC5E207',107
b'8962FB14704C0285C807EC1A48F97233',108
b'328C48FACBA2024131A3DB855A51A444',109
b'741D34E38D33020671693B5159DDB78C',110
b'27C909AEDEE70203C8E0CCF99107BFE6',111
b'5555D667AC7B02DCBDFB75191DEB21A8',112
b'E97A1595105402442B41D5165A9B3C3F',113
b'5D574647A47902E1BC9C8DFF63DB9AA9',114
b'E579C5A51C57027768AF3292AF0B44BE',115
b'96A5CA686F8B0246D1F46FE3194682D0',116
b'C3F0973D3ADE028142A3DB6431C6127A',117
b'769DD4EB8FB302D93AEAA8C8E01630CC',118
b'C571E7253C5F0292532B5F3D507FF5BA',119
b'63D8F5BF9AF602C23971623661B5D06E',120
b'A6A9A1A85F870253BE40D204EBF4FDD6',121
b'7A9E74DB83B002FAE7650127E4991C4D',122
b'E038D5B119160206BE9A904C5E06521E',123
b'DEB70E49279902F13A2E93F9B8F313D9',124
b'FABE44D90390027D62B6C5F37CEA045D',125
b'DBF64E5D22D802A4124AB0FAFF9D5779',126
b'C571A7253C5F02B6049A621F345C2FBA',127
b'B2AC2FF84B82029C95FA4FD9E6B87C54',128
b'04014C22FD2F0217C9BB4AFEC0A44B82',129
b'A0281EB05906028717B16552456E0316',130
b'FD7FC3C50451021667041DFA0E3C36BD',131
b'7E9FC3CB87B102B971EE361ECEFBA3CD',132
b'D575715F2589021A01DB8B9FB6B6B1B8',133
b'DBF689672B0A026336B84D2A20494679',134
b'5154294DA1A8025A988B42A908139628',135
b'4812C029B8EE02B2DD138F9DEE90B20B',136
b'795EDBED89A2023F16E32D4AF180A12D',137
b'EEBBBAB31E47023E11C64AE971265FDF',138
b'25490E9CD5B50259E5D0EAA7BFC98EA6',139
b'F7FD1BD7070102CFC601CDB1E9A7BDFC',140
b'AC2BA6BA5CD7029394850B6AACBBA397',141
b'D6B519532649023B835D7E7BB5F5A1D8',142
b'F03C73CB00C0029E3BA3A7D2065CDA1C',143
b'FD7F5BFF0D830225FF712E1A6D6875BD',144
b'07C1FC14F73D0284A0B1A3BCDDCC38E2',145
b'B42DDFDA44D1021973558AF8548DDA94',146
b'9EA775726E5B02A3B0DC5A3C721C8BD1',147
b'57D5D155A72902C57868E45F18EA53E8',148
b'B02CA7CA40D0025E9D0F6711818E9314',149
b'C8323811311C02B66E9457B76512621B',150
b'DBF6015D22D802B5185167A533C20379',151
b'795E53D7807002700779C9A1D86CC62D',152
b'D2B4E1792B9A02CFF4D9C82D2ADBFE58',153
b'F83E5BD101100282F55D98D0CF9D2A1D',154
b'88225410710C02A2E9529380BA4D2913',155
b'67D992AF9EF702D03644CD510DE977EE',156
b'DBF6515D22D802FB411221E4BD3C7079',157
b'BFEF0FCC46C102A18323C85CBABAC6F5',158
b'A028F6B05906028769143E589679A516',159
b'B16C1EF448420254576B4C34FCA63034',160
b'A569579E55950245C7DDC1A782370EB6',161
b'98269C6A68DA026DCCE4535735E02911',162
b'AEABF7B25E5702F8FB71E228580CE2D7',163
b'380EA6E8C8F2027D1720E2208CDFDE05',164
b'92A40442625802D3D13FF9DDE030C450',165
b'37CD46D4C73102D7EF08A59DF75771E4',166
b'2A8A9FA0DA7602A4D85BAACD3E3B3147',167
b'FABEEAE30A4202EE978EF42DA9A4615D',168
b'C832C12B38CE027680AF377F73A3601B',169
b'73DC62C5832002E93A30D3E44A00726C',170
b'781EDAE988E202FD204E737F4BE64A0D',171
b'84212D1A74DD029FF170327F491E7892',172
b'5FD79875AF2B02313BA9DF6B91A787E9',173
b'E3F84B871304022F67003807CEEFD17E',174
b'755D2ADD85A1028979D0A60D929E3BAC',175
b'294A17ACD9B602476D1B6C412DB07127',176
b'A96A17AE5996022B98233CE0E9613637',177
b'80209D0A70DC02830144A215AAA3A412',178
b'CFF361373F0F02F6950750FA56E461FB',179
b'394E36ECC9B2027E5E6E390DA9ADEF25',180
b'AEAB47B25E5702213017D73F7F8EA1D7',181
b'FEBF5AF30E43021B9182715DF282B6DD',182
b'340DFED8C4F102C59CEBC7765E6E5E84',183
b'89625D2E799E02B72AA672CB5BA44533',184
b'CEB321333E4F02EE645A2680963F86DB',185
b'D034D84B20C8025A1145D7896513FE18',186
b'9C27147A6CDB02696A9CC6E811E16491',187
b'BFEF1EF64F13027916B6D2EE52F6E2F5',188
b'6018EB8990E40217CDCF2D6F9660880E',189
b'354DA6DCC5B102D52135B4A9EE6162A4',190
b'2E8B1FB0DE7702F2F51966210A6DDAC7',191
b'E83A88AB18C602E5D682F3A50DDE5C1F',192
b'0C03CE38FCFF022A83B10BEFB7B14783',193
b'23C82484D334021C334922ADB7A31666',194
b'A429549A54D502B3357775361C755E96',195
b'A5697C9E55950245CEB3A7F15D50CAB6',196
b'6FDBD8B59F2702DF7A8B5A9BEF0026EF',197
b'C0303A0B30CC029F19E3AEB9BC84301A',198
b'FD7FE1FF0D8302954FEAC9E3E3A00CBD',199
b'3FCFB5F4CF3302E63F48E63A972EFEE5',200
b'6298688141B8025DE84ACDB08548E24E',201
b'1545075C3665025AF19691CF18FD99A0',202
b'EABAF0A3C99A02F32E9A11DAEA73025F',203
b'3C0FA5F81F2F022E27ACD7BD8481D385',204
b'0FC39E342CE302EC5A6C3146F2AB1AE3',205
b'6699109145B9021BE8E120A69573B7CE',206
b'3E8F9DF01DAF02E338303DE4611D67C5',207
b'CEB36A33ED9302BABA3808126DE6B4DB',208
b'A3E8B48680C80259E56D11399BA2B676',209
b'6BDA20A548FA0267DC7B921C0DE4666F',210
b'92A4B742B184028117825209B6622A50',211
b'4E9342316DB30226926697BF45E66ECB',212
b'7FDF59F55CFF02653130756A85AABCED',213
b'D174AB4FF25402655D28393E22089D38',214
b'4010BA0963300225644238C4504B130A',215
b'F7FDB9D7D4DD02D59F05ACF1397372FC',216
b'C3F0F207E0D0020797DEBCED78D0067A',217
b'5FD7234FA6F9027FA9787C017D5C0EE9',218
b'4D530A07B47D02F36A7FBA589B0B09AB',219
b'A6A98CA85F87025190D43656E194B4D6',220
b'6E9B088B97B50258ECB98103A05C60CF',221
b'1C073742E5290214425FC4486A161C81',222
b'2BCA4C9ED2E402E370D696D0BF24DA67',223
b'268965AADFA70247AC406836C0C6ACC6',224
b'3A8EACDAC3A002B9C5ECCAD4EE830545',225
b'F6BD78D342BB0253994A5C27E50747DC',226
b'52943A41E69202CC454F1B56883CB148',227
b'E038298B543E029B46457248462E9D1E',228
b'33CC1CC487CA0207DF7C39BF54346F64',229
b'5154224DE55202977B68968BE3D33328',230
b'6A9A99A1DE9C0278F14BFC297E09AD4F',231
b'AC2B8DBA182D02E44194309547796897',232
b'AEABA5B21AAD02599B231E955F5186D7',233
b'E83AD9AB5C3C022859A3F70201B6171F',234
b'06813F10B28702944D6A6FEBBE1546C2',235
b'394EF4EC8D4802A728E3B2D813F60E25',236
b'93E4564627E202CBEE92288A29FC2570',237
b'4BD2C325FFD402BDB07114983134E66B',238
b'92A4564226A202CB32975ED0163F2850',239
b'368DE4D0828B02D7E96EF560FD36CFC4',240
b'8FE377363BE502DA1502B9E08018B8F3',241
b'81608F0E356602D19D1AC75B51E90632',242
b'8FE367363BE502E15CFACCC9E9E8E7F3',243
b'08022728BC04023253794D373EF25403',244
b'73DC98C5C7DA02C0EED8A7988435D06C',245
b'3FCF44F48BC902BEB1BFBEAB166F99E5',246
b'8561E71E31670289FE010C1EE565E8B2',247
b'BD6F1CFE096902A9AA3AF3FAF822FDB5',248
b'1144DE4CA54202274AD6BFEC7F54A420',249
b'9EA73E722AA102BB2CA936540658BBD1',250
b'04019F18B007029B57EA57CECC242582',251
b'8020EF0A342602DE07A935A43BED2712',252
b'FD7F30FF49790260E60BE639ED199CBD',253
b'6419B199D01F02D3B08871FC1352FA8E',254
b'F3FCC0C747FA021C2ADE551C47E6F27C',255
b'46816411F297025DCAF1C913D926D3CA',256
b'2A9AAAA09E8C0209741779C89E7ED447',257
b'44015419F017029D54FECBFF1E62D78A',258
b'0551481CB147028145EE44820087DAA2',259
b'2158328C954E02590FA5FC80AC651D26',260
b'0812A828BC0402261F06A1381BDA0203',261
b'93F4094627E202D528DA68F9F6C12B70',262
b'82B0100236A60291B6007ABE41F0A552',263
b'1BD6F164AFC0022A9C0EFA6A7AA08261',264
b'1A96E960AE8002F19057A0BA543F2B41',265
b'12947140A68202EC43D2FC4598A02840',266
b'F3EC67C747FA02DC491555E1CB9F257C',267
b'CBE2DC277FF4024F19F8CCA36AF2477B',268
b'0D53B83CB94502B6A811BBA9C5269FA3',269
b'AC3BBABA182D027D6129230FDDD2F397',270
b'54053D59E013029F4769C71188452B88',271
b'FC2F4FFB483902680ED91F93D04BF99D',272
b'7D4F5FFDC9590255EDE49BBA813289AD',273
b'1695F150A28302086321911D1E8814C0',274
b'E2A8B68356BE02C77699989D24C41D5E',275
b'E82A2EAB5C3C02BFC4C3AD212EBEC41F',276
b'6BCA1EA5DFDC027EA5E7EA434814976F',277
b'13D48144A7C202DF16381ACBA94CE560',278
b'03D08804B7C6025D290A2CE634B85162',279
b'A4398A9A102F02483E1C5E5BA7615C96',280
b'381E4BE88C0802E0463F5ED37B0F2605',281
b'4A827421FE94027F2477CA9ACB292E4B',282
b'64099E99D01F021FC1D856073269EE8E',283
b'A579BA9E116F0299E6E33D2795BE6CB6',284
b'5C072D79E81102A12E6E5B7E5A163989',285
b'9435B95A2023029B6A7FA58298AC9B90',286
b'A6B9929212AF02581246970EF31B98D6',287
b'BABEAAE20EA8023A3773644A529F3055',288
b'DC27C47B683102399E58FE7F94A21299',289
b'2BDAA3A49FCC02CE22322D13E511F667',290
b'F56D46DF417B0211B079CF3399B574BC',291
b'D7E55C5763F302551D5248D6BCC412F8',292
b'4802AD29FC1402F0EC1FB0BD94E61D0B',293
b'FFEFCEF74BF9027ADF9DC738366449FD',294
b'24197B98900F0297755797F9CAD3C486',295
b'8AB2E9223EA40260B5C1405C4D177C53',296
b'9AB6E0622EA0024E749763DAA6875251',297
b'AABAFBA25A5602AD94FA6EE00BD49057',298
b'44011D19B4ED0246CC7EA3834A74B58A',299
b'27D91394D735020074C6BEF7CDF812E6',300
b'E6A907A91F9702D25E57B4E14DE409DE',301
b'395EE2D6C060022EC584252E09AD7425',302
b'E82AF791111402AD3E12BF54E2C5AB1F',303
b'8AB22918738C024B45A67B85000CEB53',304
b'BD7F52C4444102D5245FDC7678412BB5',305
b'A439DBA05D07021A3746B9F595D29B96',306
b'1A96385AE3A802A2B65A97508A876641',307
b'1415E062ED2B02C186C838E5C6F56380',308
b'8571F1247C4F02D6B04E1734B305E8B2',309
b'381E32D2C1200267AB5E52155EBC5705',310
b'08123912F12C02000F737487C8F81403',311
b'F2ACEEF90B92024AFE97C6968C4C245C',312
b'369DAAEACFA302BC3DE48A0F5B7A01C4',313
b'F96E4ED5005002B1A8251149DD93313D',314
b'9034D070690A02442F485787D9D2D810',315
b'97F5986C6ECB024DE30AC3D6382CD1F0',316
b'2298CBBADBA6021A1911F89EEE7E1546',317
b'700CF6F3893202621C5B6D0CF9D7EF0C',318
b'6409BFA39D3702D800F53EB20E281B8E',319
b'C2A02E393B9E024FFB8BAB398A1DAD5A',320
b'269968AADFA702156AFE109EFD3484C6',321
b'D0241F71291A0291F02BE411E9AB1318',322
b'983693506108020686E67AF4354BD511',323
b'1BD6935EE2E802B8157B6003B2E3A961',324
b'0C13EA02F52D02F209B747BAB0B0D983',325
b'1A96935AE3A802AD3234F30C50D69B41',326
b'FFEFC5CD06D1029C3D65972E2409D8FD',327
b'ED6B9C8514550220DE79F569D63763BF',328
b'FEAFA5C9079102A33F50B455E8C2EBDD',329
b'63C864BF9AF6020C980408D9871A876E',330
b'1BD6EB5EE2E802B5C1C11FAD2F150861',331
b'768D05EB8FB3023ACE0F0F07A2E3DCCC',332
b'DFE7974D26D902BD12C99BC0805DBAF9',333
b'D826FF51211802B37FD4670440EDF819',334
b'80307230790E02431A6B37B7AE538D12',335
b'C9621E15305C02E85C7FCE9D466B3E3B',336
b'8AB22218738C02A9BC102EF7FEB22A53',337
b'A579F89E559502DA99295A25657C31B6',340
b'8EB342327E5F02613BFACDC64466A2D3',341
b'0B33BA2E92EE02ED6B7B94C526E5F863',8001
b'1CF6D372852B02F7D4F850EDB9166B81',8002
b'03312A0E9AEC025158073C2804330A62',8003
b'A8DBA8A0310602011213DBB7B1B86E17',8004
b'51A53F47C87802CF57FF7FF8BFAA8E28',8005
b'A59868943C450295066B97C4144D0DB6',8006
b'1A779B6A83AA020C22AD3803FE1DA941',8007
b'19B7D366806A02C411997741DEEEFC21',8008
b'C301760D5ADC0205E7528006AFA1407A',8009
b'A65838983F8502C4CF561F331DFB34D6',8010
b'17342B5E8EE9024E689E92645C3B5FE0',8011
b'4720161FDEFD02C438E5E6EBAC09BBEA',8012
b'3B3FD9EEA2E2028CBF93B01799AB0165',8013
b'8CD2BA30150F0277BEEE1BDB44C0EA93',8014
b'52655F4BCBB802D2276E2FF76E0E3448',8015
b'AB1B38AC32C602E801F874E79E4DC677',8016
b'1F367B7E86EB02E7253D6B87E59161E1',8017
b'71AD85C7E87002C70E0AE9F71F96152C',8018
b'50E59F43C93802CA3466474681D71008',8019
b'2A7B00AAB3A602F249AEBC89DF702647',8020
b'E309948D7AD402DFAA6D912AC469147E',8021
b'D2459F494B9802CD7348886D55198A58',8022
b'59A72F67C07A027FB9D9ADDAD2778629',8023
b'8B137A2C12CE026348F2E7A4B1F88673',8024
b'DD861775445B02266AC1505434C519B9',8025
b'5724A75FCEF9020A42823608E60FE6E8',8026
b'A8DB50A0310602F03FA90E08524B8A17',8027
b'71ADF5C7E87002446F3BBC2BA544572C',8028
b'CCC22631551F02F7A94D628F83F1989B',8029
b'C181EE05585C02DC518D89B290E4A73A',8030
b'4321CE0FDAFC021F5703562B052FDE6A',8031
b'E0C90D81791402907CB6899D8032731E',8032
b'C0C10701591C02C28D71CF7C70B8401A',8033
b'50E51643C9380289CC2B121EE5914008',8034
b'15B44A568C690213749CF81AF030C6A0',8035
b'0CF2E332952F02BFF0CB4D10B58A3483',8036
b'20F92982B9240253AE1EC2EBAB8F4606',8037
b'21B92186B86402CCF50891CAAB711426',8038
b'F18D24C56850021D4C24C1F97C20F33C',8039
b'DCC68E71451B026A7958EF591A879C99',8040
b'8D929334144F026CFF939A79180D52B3',8041
b'25B80196BC6502DDD5600188A8825FA6',8042
b'6A6BFDABF3B6023C99221AD5803EA34F',8043
b'E98BFDA5705602C4B0F0297CCF286D3F',8044
b'42614F0BDBBC024D3417F475C7214E4A',8045
b'4E62973BD7BF026D92C2C817FE6EDDCB',8046
b'AE5A91B83787026C484EDB63838457D7',8047
b'7A6F24EBE3B2026527A5045D3595D24D',8048
b'D704F65D4ED90298FB6F862878C7B5F8',8049
b'1B37226E82EA02245A3C1B0B5A367161',8050
b'E309A58D7AD4020DD9080BBB4CBCB77E',8051
b'8B131B2C12CE02EA480007A073662473',8052
b'20F9A982B924020D306AAB10C8404C06',8053
b'7B2F04EFE2F202CEABE44FDBB395DB6D',8054
b'E309858D7AD402DF97581091427DA57E',8055
b'D185DE45485802D0FBD25A31087A7838',8056
b'CA436729539E02F2962C27E1C790945B',8057
b'7CEE14F3E53302AD649DFE513CFDDE8D',8058
b'9315E24C0AC80287FC869C2F22519070',8059
b'18F76262812A02FA95C9DCD334029C01',8060
b'79AF7CE7E07202A6200FB0547E0E852D',8061
b'CE421F39579F02399F391419F00740DB',8062
b'9E561278078B02E05AED554B533645D1',8063
b'60E90283F93402E03CD6E316EFFA680E',8064
b'61A91A87F87402D545E0B72F2593C02E',8065
b'FB0FABED62D2022B12337EA27A45AC7D',8066
b'AA5BB6A8338602242A0AF95F671DC557',8067
b'4321100FDAFC02406AAEA727E79D626A',8068
b'5325194FCAF802199BED44AABB4F2068',8069
b'2B3B86AEB2E602B572D31C7E98448167',8070
b'26785E9ABFA50298D80541B0473004C6',8071
b'E1895A85785402D9E280DF5FEA6D603E',8072
b'05B01C169C6D02776CABEA7C12EDD0A2',8073
b'8B13EC2C12CE022D536D5AC919CB9173',8074
b'6F2AAABFF6F70276E06B71883BC0E9EF',8075
b'20F96682B924020B1BD5F205D7464406',8076
b'80D16400190C02D71C31C318446E6C12',8077
b'1F36857E86EB023478B95ED4BA6E53E1',8078
b'20F97E82B92402C271BE57E06C8DA406',8079
b'0A73242A93AE0230CCBED55B3A669D43',8080
b'BD9E57F4244302A1C79635E04A4788B5',8081
b'79AF03E7E0720236EBC8D1C91000FA2D',8082
b'30FD9FC2A92002DCE205A6B347A49304',8083
b'1335954E8AE802456AC4F517584AC360',8084
b'5265894BCBB8029F3B521A965F826648',8085
b'88D33C20110E027E8989B3B606B1D313',8086
b'BE5E57F82783023AC2410E80BAB392D5',8087
b'41A1D007D87C0248C975282375B3ED2A',8088
b'AA5B66A833860273CDE27CE73F7B4E57',8089
b'85908C141C4D02F27E01C9B9A68A4AB2',8090
b'29BB4EA6B0660273C98D96E24AAB4927',8091
b'373C97DEAEE102BDE002CA361347BDE4',8092
b'BCDE27F0250302E80E3A4FED6BF43595',8093
b'7CEE33F3E53302D2613DB8B801B1FD8D',8094
b'F70C83DD6ED10281C37B4C355D5818FC',8095
b'F24D2AC96B900207319327E61BFA655C',8096
b'E1891385785402C5E4086270172D943E',8097
b'F8CF9AE16112023CB3EF11B59E41631D',8098
b'D1850045485802175B764808D2997738',8099
b'D8C7A861411A02C2BDD79EAB9A29E419',8100
b'50E52843C9380248FBAF3742A0319008',8101
b'A6585F983F85024457E618CE88610ED6',8102
b'68EBBBA3F13602EA69A59CD7694F500F',8103
b'8993DD24104E023335C867D7DB82DD33',8104
b'F70C32DD6ED1020855A7D9CB25CEEFFC',8105
b'31BD46C6A8600297AEEBB9FC052E3F24',8106
b'DB07E06D42DA02608BF6B9333280AB79',8107
b'3B3FD6EEA2E202610E870219EB4A6965',8108
b'02714D0A9BAC02AC3539B3DCF3F68E42',8109
b'3F3E86FEA6E3021F9F0122E6B59219E5',8110
b'5A67D86BC3BA022710632023EC7F7449',8111
b'9654EC580F89025F726CDF85A76B60D0',8112
b'81919504184C02E20541F59F0CAD5732',8113
b'30FD96C2A9200257B58DB82A6769A404',8114
b'1B372C6E82EA02B288C51DE2A417F261',8115
b'CCC26931551F02B35DC210AF3ED5239B',8116
b'1A770C6A83AA02482BF27A45AA503141',8117
b'CE425939579F02B20CA71BAC3615EEDB',8118
b'89932524104E02A8F29F8BBF0AE01933',8119
b'3DBE16F6A463027CD40E0AA22CA160A5',8120
b'0DB21D36946F02B05B5A0893D94299A3',8121
b'9654BC580F890292357C26F80315F4D0',8122
b'3B3F6EEEA2E20236B5388855A8E9A465',8123
b'9D963C74044B02FAEE01733321241BB1',8124
b'FD8E32F5645302E6156A7DF3713F9DBD',8125
b'0F32053E96EF02EEDE1D6471E68660E3',8126
b'D185E04548580203066FF291DFE19138',8127
b'29BB94A6B06602EF8D74404C1ADEEF27',8128
b'42612A0BDBBC02CCE15517332148174A',8129
b'61A90087F874021B3D34A69DB1736F2E',8130
b'B0DD15C0290002E3301075271CE5BE14',8131
b'1674475A8FA9020F4279A37DE5D3C2C0',8132
b'F4CC61D16D11024DD54AFDC8724F699C',8133
b'49A3A227D07E027F30DC163F0C79492B',8134
b'ACDAF4B0350702A89CA1D92717407B97',8135
b'F8CFC9E1611202E32B0F35383931E91D',8136
b'F18D51C56850025D87DF4CE988E8573C',8137
b'0A73F62A93AE0274459F166412332243',8138
b'03316E0E9AEC02900D30F96796CD0B62',8139
b'A6580C983F8502D11DD90CC787804ED6',8140
b'18F7EF62812A02C22060F171378B3001',8141
b'732D41CFEAF0022D1B25F462456A276C',8142
b'71AD69C7E87002270753150B85FBBE2C',8143
b'B4DCCDD02D010202E7502FF1A001D494',8144
b'B71CF5DC2EC1021D6392FF44F90185F4',8145
b'C9830A25505E023905CE77F33E2A4E3B',8146
b'39BF0DE6A06202FD38870798B84DC025',8147
b'5CE66373C53B02E8B88BB103EEFB6F89',8148
b'43219A0FDAFC0209A10324814B994A6A',8149
b'3E7E55FAA7A302FDEE54CE36BCD877C5',8150
b'F64CD1D96F91025484588FC2BCB5C7DC',8151
b'8F123E3C16CF02F601A5E89CC6BD5CF3',8152
b'D704B35D4ED90284516500743BF5E7F8',8153
b'E708A89D7ED5029224D088792F9D13FE',8154
b'732DE9CFEAF002191B2033503FEBB06C',8155
b'7F2E11FFE6F3027328FB5A21888B35ED',8156
b'CCC22231551F02F5C2FFA6A95685049B',8157
b'5E66137BC7BB02DB6E6790FC308D68C9',8158
b'9B17476C02CA027062F644E8D39A2971',8159
b'6DAAD1B7F4770217D1F4E4ABE130C9AF',8160
b'A99B95A4304602A6FC4FEF6295172837',8161
b'40E11303D93C0295F4E4A2E4AEACD20A',8162
b'E98B81A57056024793A60382529B1D3F',8163
b'88D3AF20110E02B2FB3C88AD12BB7513',8164
b'1F36DE7E86EB02304573FCD64F6AAAE1',8165
b'B0DD3CC0290002A69F125154CCF4E914',8166
b'C8C3B321511E02F543A497973537811B',8167
b'ACDA8DB035070264EDD7714449ACB097',8168
b'80D14700190C0223287166C54F4A9812',8169
b'94D41E500D09029B2D09D0EC5D53C090',8170
b'0CF29F32952F0276C1732BF308823883',8171
b'9CD6AE70050B02BE4C7DB2E3E2F81991',8172
b'1A77CE6A83AA02E07876F0B975ABDE41',8173
b'71AD60C7E8700282BCB18AC07A2E352C',8174
b'D987E265405A02BE673749588D877139',8175
b'E189998578540263D9584EA712E0E63E',8176
b'ACDA45B0350702D1F429883ADC32A697',8177
b'E4C8D9917D1502D1897862B329B4279E',8178
b'5A673A6BC3BA0222F4B31906F16DB449',8179
b'E189B9857854020129C9F1FFDB0A013E',8180
b'8590F7141C4D0259C98AF51A9A3AB5B2',8181
b'BF1E4CFC26C302363C6115AEF1B022F5',8182
b'8590E7141C4D02C993DAF986E6C72EB2',8183
b'AE5A2DB8378702DBF6CADB97C2758AD7',8184
b'0E722F3A97AF0228BE183A11EC247BC3',8185
b'3DBE04F6A46302A380216D454E1B8EA5',8186
b'B71CA4DC2EC1029A314296C01960BDF4',8187
b'25B8B596BC650242B36C465D042183A6',8188
b'A99B75A43046022439177372CED2C537',8189
b'75ACA0D7EC7102D3FB92F4CB412999AC',8190
b'9714865C0EC90218E9CA95E4478054F0',8191
b'C4334C115D1D027191EFDBD7BE10229A',8192
b'701E0FC3E9300207141CC9733FCB7D0C',8193
b'77DF67DFEEF1024F7772D61488ACE4EC',8194
b'6A98BEABF3B6023F6B8DB927CFC5A84F',8195
b'BD6DFBF4244302700B3F2883A98A33B5',8196
b'E43B66917D150201638E0F14A9663F9E',8197
b'300E33C2A9200295C83D5F6DDEAD2004',8198
b'9964A164004A02BB1E1907CFA9876F31',8199
b'D6B72D594F9902D96D4E5D0A21DDD5D8',8200
b'701E4FC3E930024CC731D6BD5ECF3C0C',8201
b'7C1D97F3E5330260FD18BCD7651C038D',8202
b'BFEDA3FC26C302298ECBE828184F54F5',8203
b'8AA0C828138E02AF140D700DF3E0C853',8204
b'DFF5957D46DB022CA52514B1B28122F9',8205
b'F3FE4FCD6AD00258E8C1579BDB786C7C',8206
b'B6AF13D82F8102F8FEB7EC07F58A1ED4',8207
b'681806A3F1360223FDD45FEB2C11D60F',8208
b'13C6B94E8AE8028C15A0B98D5A8BDB60',8209
b'27CBE29EBEE5024BCCD1B37C704B2EE6',8210
b'EEB976B9779702D8422C451FF56C4ADF',8211
b'49503427D07E026060043B4CF28CEE2B',8212
b'2D497AB6B467022B882273467C9266A7',8213
b'CFF14C3D56DF0235975EF2E455FBC5FB',8214
b'5417FD53CD39028B9BAA3097AB3BD388',8215
b'98244960010A02A3827C847871C9C011',8216
b'CD711435545F02356DF94F0D22E1F1BB',8217
b'BAAC7BE8238202ABACB11ADA3F8FA555',8218
b'0C011832952F026A0DF3477325673883',8219
b'67DB969FFEF5020E9B6901367DBCF3EE',8220
b'D577B5554C590247A1F5565AB0229DB8',8221
b'8D612834144F02B75F2B576CA24EF8B3',8222
b'56979D5BCFB902812CD52EA2992E75C8',8223
b'C6B36D195F9D02BFCFE3A2C79345A4DA',8224
b'29489BA6B06602C555FEBB4D83B36527',8225
b'83E2290C1ACC02172D8315813301CA72',8226
b'1FC5E87E86EB0268099321B3EF826BE1',8227
b'45537527BC7F024359C8115ACE8D1AAA',8228
b'F03E26F109120220D64322C61567661C',8229
b'655B67A79C7702B7AC9902CC0EC2D2AE',8230
b'7BDC8EDF82F0024CE80914219BDE1E6D',8231
b'9BE4F85C62C8027F821309D8CD5C9871',8232
b'13C6787EEAEA025B25D360C3095ECD60',8233
b'394CC2D6C06002C65695ABC3BF663225',8234
b'314E4AF6C862029BE387A9C6F1B1FE24',8235
b'A16A7BB45846028C9D1D07D739D36B36',8236
b'DAB4C4592398024FDAFD8F8FF4D74459',8237
b'DEB59C49279902E6ADFF1C2C59DC46D9',8238
b'53D64C7FAAFA022CD3A99B3BDE880168',8239
b'07C3F12EFEEF029134973201D19C01E2',8240
b'00028932F92E02DBFDEF2678595BBC02',8241
b'6A98379B93B4027353CA8E94C5919A4F',8242
b'77DFEEEF8EF3024813D8C4438BACB0EC',8243
b'E6BBCFA91F9702814049E396EE5DBADE',8244
b'BAAC02D84380022B22F0C379A7268A55',8245
b'87E3C92C7ECF0201A31B18C8D3E429F2',8246
b'5557EC67AC7B02B62E99C0B1571E20A8',8247
b'EBF87F9D12D40224870A7C13554CAF7F',8248
b'0142D936F86E024BCAD8C246C5553022',8249
b'368FB2EACFA3027BF4E926F6909478C4',8250
b'B6AFB2E84F830287932BF4C15BF069D4',8251
b'D036EC71291A029EBA19B5AD20DCD618',8252
b'2D493B86D46502E481959DD3D8551CA7',8253
b'9C253840650902FFC01DAFF26E6B9091',8254
b'4BD04D1FB2FC022B80EB3D3F1E33AF6B',8255
b'A6AB68A85F87021F6F02844D2039F0D6',8256
b'09409A16F06C02BB3F63F9447F0F3423',8257
b'05434226FC6F028F8BB406BC3477BFA2',8258
b'41520E37B87E0203CCEB70847CEAED2A',8259
b'90262B70690A02445DA2A90F43AF3810',8260
b'E6BB44A91F97020B37A2CFAE2517B2DE',8261
b'A42B78A05D070200FB4BACAFF3141E96',8262
b'8960A214704C02E1FBF552A84FFE8033',8263
b'1C058342E5290268FB012CEA7E235A81',8264
b'37CF39EECEE30205302BE58CF8905AE4',8265
b'8D618A04744D027537D2BF5DB6DF07B3',8266
b'254B08A6DC670274C94FE781B5130EA6',8267
b'EC39AC81151502BE21EA6AE2C611959F',8268
b'01427A36F86E029BCF073951C1042022',8269
b'0A80D21AF3AC02E287DB57CE63021C43',8270
b'228A58BADBA6024355C115EA7E614746',8271
b'32FDA8C011AC02C8CBA756537D860744',6001
b'AF9A69B68CCB021F6C0C98C5CFB6B1F7',6002
b'E109858FC25802111137290EF08D523E',6003
b'46E0C71165B1023BA3FF1E0DD74505CA',6004
b'3BBF18E418EE0261EDB44B28F4096F65',6005
b'03B1830420E00256A629BC1227D43662',6006
b'6468FD99473902427D3F8350B3E8D98E',6007
b'8ED22B32AD8302E4EDACB4FD874D0AD3',6008
b'C381F707E0D00242722F35E14EFEBE7A',6009
b'32FDF0C011AC029D0FE9376052B0CB44',6010
b'F6CCB4D3D59D02CF29A1DE46D7C59FDC',6011
b'E84B6DABCB1A02B54D285107B51ADA1F',6012
b'18776A683B26022EE17AB9647E507101',6013
b'6129E58D427802C106165567673BE22E',6014
b'62E9DD8141B802012F06A640A034334E',6015
b'73AD33C550FC029065B1DE9FC450526C',6016
b'27B87E9404E9027F887E8F444A5384E6',6017
b'DAC7B963F99602E1C418F497C24F3C59',6018
b'26F87E9005A902487AF71B4AF0833CC6',6019
b'76EC43D155BD029968CC4B1B524FD7CC',6020
b'C903B02FEA520265630F51406D0DD23B',6021
b'B91FAFEE9A4E0262375D061EDD843D35',6022
b'9F96C576BCC70238FEA06F3A13C167F1',6023
b'CB83F827E8D202795134E39CCEFCBB7B',6024
b'7AEFEBE159BE02B394F27F6FF52F204D',6025
b'9F96AD76BCC702A57CA31111C51243F1',6026
b'77AC2BD554FD029FABCDA56BC7B18AEC',6027
b'606962894338022002A9FDE30348220E',6028
b'8ED28432AD8302E07CF03D24AA570BD3',6029
b'7C6EB3F95F3F02705FAEA645CEFB288D',6030
b'5D26A97D7E7702B0A9012A296857C5A9',6031
b'8391BC06A0C0028BF7C17806C52CA572',6032
b'9115954EB244025836E72ED1DD216430',6033
b'712D83CD527C02CACFC5FA50140C092C',6034
b'4D22483D6E7302E108507CF669FDE7AB',6035
b'62E9828141B802DA6FB0BBF27153584E',6036
b'09333C2C2A6202C4222A09181C51B523',6037
b'5AE7116179B602AE0E33569BE3B04849',6038
b'8AD31422A98202A0EB4AC5C9DC00D253',6039
b'C780B817E4D102C2544D42EF87BFD4FA',6040
b'A059C68A8308025F04A88C4B1E247716',6041
b'D045D94BF314029210E22BD8EA2DF318',6042
b'313DCFCC126C0287AD1AD25C3470CC24',6043
b'2BBB56A408EA02F3C33431667C30D867',6044
b'42E1C80161B002282F7CFB9942A2054A',6045
b'06F0941025A10213F5E34D9909D0B9C2',6046
b'E90B62AFCA5A0230DFD178D36C39383F',6047
b'752C52DD567D0297807EE10D1CBF9CAC',6048
b'1BB7BC6438E6028DE693D0152B2AD161',6049
b'9F96EC76BCC702E31A43528BF83422F1',6050
b'D907806FFA560272BD8E713A7F6AC539',6051
b'0131350C226002871F640A446AE03422',6052
b'02F10D0021A00215069ED5318CB06D42',6053
b'D3850847F0D40291320058552D877E78',6054
b'F50C62DFD65D020DB0DA93CBBA707DBC',6055
b'67A8339544F9023E875676B8F44204EE',6056
b'52E5684171B4029C63F9182BC952B248',6057
b'13B5644430E40211B156D6FDFFBD8A60',6058
b'A059578A830802903E693A4A87D90116',6059
b'D504385FF65502C1B102BCE66D8790B8',6060
b'E2C94383C1980210A874CAE5CF80595E',6061
b'353C26DC166D0252DAB02D666631EBA4',6062
b'47A0091564F10204A0489F813D8563EA',6063
b'E448CB9BC719021C61BD6806F55F619E',6064
b'4D22593D6E730211826703C49801FBAB',6065
b'5927006D7A76022AAF41637B3F982329',6066
b'1FB66C743CE702B51FDE1DE959E713E1',6067
b'E90B3BAFCA5A02ED807C57F47FA2CE3F',6068
b'DEC64073FD970226D6A378C788E587D9',6069
b'6D2A63BD4E7B02EB465F37F5D1DDD7AF',6070
b'EACB13A3C99A02213DBDB718F0700B5F',6071
b'1937546C3A6602396A1440DBB6CDAA21',6072
b'CB837127E8D202CBA3B653D55E3F5A7B',6073
b'486351296B3202C5AE3D35FBF25D7A0B',6074
b'22F9FF8001A802C7C28136462C2FBD46',6075
b'A7989F9684C902C5E5997C57471657F6',6076
b'393F7EEC1A6E02EA10358E0959D86E25',6077
b'F10DEACFD25C02DEC3A6CD168B708B3C',6078
b'C6C09113E591029B7ACDBDD9EE3425DA',6079
b'03B1360420E002C59F722687F94C3B62',6080
b'4D22DA3D6E73027ADBCF49CA450F75AB',6081
b'7AEFB1E159BE023104EEE47A41D5B44D',6082
b'9D16C77EBE470225870924B023FA6AB1',6083
b'16F4475035A50295E66C4791271FD3C0',6084
b'6129388D4278020FDCB997AB31DF382E',6085
b'AADB9CA2898A02481244F5DBF45B9457',6086
b'CC42F23BEF1302A91480DFB65540BD9B',6087
b'B05D4DCA930C02CC8F77C867C7FB1514',6088
b'4BA3FA2568F2026E35F4334FE6518E6B',6089
b'24781498072902460E9AB09E5A392686',6090
b'F78C21D7D4DD028787CF0F211A5C64FC',6091
b'0470261827210208A25986D9C5BAD882',6092
b'43A15A0560F0024102D410B8E26FD86A',6093
b'7EEE91F15DBF0277E84463A152928CCD',6094
b'287BFCA80B2A02FD015E7B9FB4C65507',6095
b'F2CDA9C3D19C02D02FE4203D8D1CC85C',6096
b'9055874AB304021F30C6C9DD8C5AD310',6097
b'5AE7336179B602AD32A229EC1CF47749',6098
b'0530CE1C2661028C2FF90F0AF55D10A2',6099
b'293B34AC0A6A02B832C9DA3B8758D027',6100
b'293B3CAC0A6A022E799E562052703827',6101
b'5FA643757CF7021E1EA143602016B7E9',6102
b'D784C357F4D502920A4717F15C2CE8F8',6103
b'B85F4DEA9B0E02B83E52F307D40C6A15',6104
b'8D12163EAE430254B430F7DBB8762FB3',6105
b'23B9E48400E8024C0796661516EB0666',6106
b'DB876367F8D6027276CCA847543B7979',6107
b'F6CC89D3D59D02061E70AD2586949DDC',6108
b'746CA9D9573D02C1B7295AC1FBADD78C',6109
b'5927636D7A7602EA5B42CC297FAD5729',6110
b'AB9B44A688CA02719C251656020A5777',6111
b'2AFBA5A009AA023108D4083CE64E4147',6112
b'1FB6FE743CE70228041092021B6169E1',6113
b'EB8BA9A7C8DA02CFCE36555B64C6A07F',6114
b'2C7ADDB80F2B02710534EE7806981887',6115
b'3BBF94E418EE02EFDCF2C20C48666465',6116
b'00712F0823200201BAE94A9A71AB4A02',6117
b'C7804B17E4D102432B2688A160BBD5FA',6118
b'2FBACDB40CEB02396EB740F8016B7EE7',6119
b'92D56E42B184020DA41BDFBABB087D50',6120
b'6AEBE9A149BA024B01C5E10FD09F534F',6121
b'4863D3296B32027685F41A061DB47D0B',6122
b'4923CB2D6A7202E7462CA5A7A70EF52B',6123
b'8ED28F32AD83026A92F9D0C7BAAC88D3',6124
b'0EF28F302DA302F50B2B87405D79BCC3',6125
b'B85FFCEA9B0E0272922DCFC632A47115',6126
b'24783D980729029D25EEA806FFD44386',6127
b'8F927F36ACC302DDFEB15D205D9D53F3',6128
b'27B8FD9404E902CEE851E1E7F17FA3E6',6129
b'9ED67E72BD87029E205AA1E06AA355D1',6130
b'19370E6C3A6602E890A082402DC5A521',6131
b'CC426B3BEF1302FEA30D74E92D97129B',6132
b'0470EF182721020DD9987EADA9DE2A82',6133
b'E508E99FC65902F37F2EB00A13DD95BE',6134
b'17B4CE5434E50298A5B7636F297D7DE0',6135
b'B91F5CEE9A4E027C863995D9CCEC2835',6136
b'9D16167EBE47022FD8C1D35077900FB1',6137
b'8D120F3EAE43022671718933714AA3B3',6138
b'F50C80DFD65D0236042EC1001A40EDBC',6139
b'A85B6DAA8B0A0233F0B8399AD332CB17',6140
b'2538BD9C0669027555BD8A2046492CA6',6141
b'47A0831564F10241751918F962A2AFEA',6142
b'E049F18BC3180286834336BB2C9B331E',6143
b'A4A84A9A8709029A90C9721BFCD49796',6144
b'F23D27C3D19C02460B398EEABB59D35C',6145
b'0600701025A102CD53F4F9883A0387C2',6146
b'A4A8529A870902DEF95E9CB9D7862296',6147
b'97645956B4C50215C22DAC75562E91F0',6148
b'0E02C8302DA302B28D35D38596C532C3',6149
b'7F5EC7F55CFF02F414E619B5090054ED',6150
b'91E5214EB244025B06FD4E29738C9230',6151
b'99E7D96EBA460223C0772CB38C5BAE31',6152
b'374C3BD414ED02D76789EAB702C28EE4',6153
b'29CBC2AC0A6A0244DF2FA85580CDAF27',6154
b'3F4EABF41CEF02EA7499AE75118DDAE5',6155
b'4091640963300240978022AA8238CD0A',6156
b'19C7F96C3A6602AE8F23C2CA36C3AF21',6157
b'4DD2A43D6E73025485944842C5598FAB',6158
b'56141D5175B5025C4BA63F0304CBCBC8',6159
b'8361B806A0C0020F69289F5F84B6C772',6160
b'F37DB7C7D0DC022F7E887637B9B6227C',6161
b'19C7016C3A66022618246147DB054A21',6162
b'5614FD5175B502CE406267D952FA93C8',6163
b'5DD6757D7E7702333F67F6614FC9B7A9',6164
b'E5F8F69FC659029F9ACD51E24971EFBE',6165
b'8620D812A58102FBD9677D5889DD3BD2',6166
b'48933C296B3202288CE8712392FAA60B',6167
b'C371FC07E0D0020CC4EDD8C3477C3B7A',6168
b'9B677166B8C6023EE03BCD11DC2B1C71',6169
b'7A1F77E159BE022104BEFE985DDB284D',6170
b'B22DF3C2918C020464BFDF85241C4954',6171
b'99E7796EBA4602AE6A897D51C71A6E31',6172
b'61D9FE8D427802DC8C08FC19B556E82E',6173
b'7E1E17F15DBF02D8F6C9ADC127E16ECD',6174
b'A369C28680C802970EB3677AE5085B76',6175
b'A9EB9BAE8A4A02BCCED30DEAB0B7B137',6176
b'B0AD02CA930C02A2B14039EE10CE5714',6177
b'721D36C151BC02282240E0C73F0C6C4C',6178
b'1C86D8783F2702A3EBE54EADE0FC3781',6179
b'7C9EE6F95F3F022BB1FB1DD875ABA08D',6180
b'2C8AEBB80F2B0291879F77DD2A069987',6181
b'388FB2E81B2E02216B5F1503C1AAF705',6182
b'A8ABB3AA8B0A02A0148713B67E330717',6183
b'9DE6987EBE47022C6C623AAD1CBC36B1',6184
b'FB7FF6E7D8DE0236CA9A7077EF0D577D',6185
b'EE3ABFB3CD9B021A0A6F6502229B68DF',6186
b'93656046B0C402D6F7F7862A44598470',6187
b'749C26D9573D0231BBE26662F249ED8C',6188
b'C1F1750FE250028A3AEC7C3BC9E5883A',6189
b'B22D5AC2918C02C237B6506C9AD56D54',6190
b'04803918272102D163E20489AE25B282',6191
b'509584497334022365B23FD087AA3E08',6192
b'374CFAD414ED0216CBDC45626966C2E4',6193
b'4750E51564F10286557A43B5EED054EA',6194
b'0F4269342CE3026A1650B7E5920672E3',6195
b'E8BB2FABCB1A02BDC1165DF19254411F',6196
b'09C3392C2A6202EDB02335E017D7BB23',6197
b'81E1A90EA2400212E1373F2666518832',6198
b'1F4648743CE702F1B374F424C55983E1',6199
b'F63CAED3D59D02CE75B700EBC28914DC',6200
b'8221E102A1800257900A95E9C8A2FD52',6201
b'E8BB5FABCB1A023AA34A56D68EC62A1F',6202
b'BF6E22F69CCF0231A7B3EC7570508DF5',6203
b'DE360C73FD9702AD13A67A8C79062BD9',6204
b'15C4B85C3665021644E51B1D647B8FA0',6205
b'7DDE26FD5E7F02117A1DE1406F69CFAD',6206
b'80A1F10AA30002CCDE4EB95DF2770312',6207
b'A2292882818802902CD606C0EEC1EC56',6208
b'8DE2D23EAE43027C369BFDE83109D5B3',6209
b'19C7836C3A6602EDEC688876A4110821',6210
b'E2393483C19802597FBE63D6A10EF05E',6211
b'0DC2F23C2E6302EFBDD5D9890627FDA3',6212
b'8DE2F23EAE4302F9E403E86DB189AAB3',6213
b'65D8649D46790211327634977611ADAE',6214
b'E2391483C19802415A18F9B1CA51825E',6215
b'0341720420E002820DEB15DF84D64F62',6216
b'12056B4031A40299980E7681E254A040',6217
b'4750261564F10251FAB21186E3DA41EA',6218
b'CE32B633ED930235769813A584C56CDB',6219
b'05C0321C26610207FB5395483DA206A2',6220
b'95E4335EB64502DFF7CB2C386792AAB0',6221
b'FA3FDDE3D99E02B1C00744D06D80F45D',6222
b'DCB6B77BFF1702BC61D7AD86F318C399',6223
b'5355B74570F4029331020BD9DE21BA68',6224
b'59D71F6D7A7602F8D2BF93E28C01DE29',6225
b'8F626A36ACC302BC6D7E36302D9B86F3',6226
b'FE3E75F3DD9F02B72656F819D23483DD',6227
b'1205834031A402699EFBF8DB4F711740',6228
b'39CF39EC1A6E02396F43C9FB37BEBE25',6229
b'49D3262D6A7202E420CE773A8667682B',6230
b'D2359743F1940203D0D00C03BD58F858',6231
b'9B677B66B8C6023D8E85DFD94CF05471',6232
b'6758BC9544F9029CB602A25C08BA88EE',6233
b'A1E9C88E82480259C516608A3AE03936',6234
b'E1F9C48FC25802864DE2AAB3DCDCBE3E',6235
b'3F4E11F41CEF0271C4E9E91117D546E5',6236
b'2B4B58A408EA02AF216A6504BCDDDD67',6237
b'A229D8828188026B68FBBFBF8D4DA756',6238
b'FCBE35FBDF1F0222C6B4E715B7AEB09D',6239
b'CA33AF23E992026A282AF255AA7A565B',6240
b'0C82CB382F23027450F09E5B21848283',6241
b'01C1030C226002C413ABF6C3EB650D22',6242
b'5F56EE757CF702DD84AF49443BD648E9',6243
b'8E22CB32AD8302A373A70541F27D80D3',6244
b'F5FC74DFD65D020DCD1977979764A4BC',6245
b'45D0671D66710211D5BE38DF7282D2AA',6246
b'CF72C737ECD3029D1A2504D7730334FB',6247
b'0E02A3302DA302B90A947369F6811CC3',6248
b'71DD5CCD527C0294C666A0DF8D33A12C',6249
b'4893D7296B3202263DC91B156CB63D0B',6250
b'42117F0161B002AB91681A3F73902F4A',6251
b'C3715F07E0D00241AE724CF0C61F657A',6252
b'05C03B1C26610237A430E66AD3E6F8A2',6253
b'86201B12A5810212D8DA7AB844C09AD2',6254
b'B8AFF0EA9B0E027DFF404E0B11672E15',6255
b'6C9A45B94F3B02EAE3ED5B6E0F987F8F',6256
b'288B09A80B2A02EDF3745C20AB05DC07',6257
b'E239BD83C19802C88BF9976990EFC05E',6258
b'81E1830EA2400285852283E0F0FA0332',6259
b'1205824031A402CF41CEE48389238A40',6260
b'4091AF096330020BA600CE2BA31A920A',6261
b'BCAE78FA9F0F02B6F7090020FFED3D95',6262
b'D3758647F0D4024095A739D3C483DB78',6263
b'E4B88D9BC7190251D1868C1AA43BDC9E',6264
b'B76CB0D694CD025B9A4B8EEBEA8026F4',6265
b'F0BDDCCBD31C02896A6F0238A2E92F1C',6266
b'6A1B7DA149BA02A9F97743A4D2BCB74F',6267
b'95E4BA5EB64502C1C5A53D36646D82B0',6268
b'B36DD0C690CC029FEA72F8B1D3D79974',6269
b'4490B7196731020BBABB11F14470B58A',6270
b'7B5F4CE558FE0226B300F9561588CB6D',6271
b'5C96C1797F370293AE7A04A392A2AD89',6272
b'23493E8400E802831C0D2FC541EEA866',6273
b'14845558372502549BDDE6EDEF94AA80',6274
b'AB6BA6A688CA026EAB7C1DC2D21B6A77',6275
b'360C47D015AD0284C24B9B74983E16C4',6276
b'4F52D8356CF3027384FD1FC2A8B0E7EB',6277
b'ECBAFABBCF1B02B8162524A2A0230A9F',6278
b'26085E9005A902C4E2E53531D7B5AEC6',6279
b'C2316803E190029C3B59BC9B93CF2B5A',6280
b'A1E9568E82480259A301D4DCDB407536',6281
b'2F4AA6B40CEB02B1F37A705FAFDCB3E7',6282
b'B62C37D2958D020D1879BC8055D7F2D4',6283
b'FCBEABFBDF1F0270E2CCB65EA407809D',6284
b'5E1689717DB7026503A25176B3214CC9',6285
b'6219528141B802A840C8D7DC711F534E',6286
b'7C9EBBF95F3F02B163BA7E13F7E7928D',6287
b'1205A54031A4025F632A1E8B9A80B940',6288
b'3F4E7FF41CEF02F8B0F9922CB5C337E5',6289
b'9DE64D7EBE4702EAC9D37CC1D981E3B1',6290
b'9B672566B8C6026A6BE389FA6BCDB171',6291
b'8E224C32AD8302B7B06051B2F0AA65D3',6292
b'EE3A42B3CD9B027FC2C6855E0662F0DF',6293
b'2089B688032802247CEF4BE52DE12E06',6294
b'C630D013E591021CA5BAE1912FB4EEDA',6295
b'DF763977FCD70279ED9BC9A542D07AF9',6296
b'2748BE9404E902CC17A5E36D53EAA6E6',6297
b'AE2A3EB28D8B0266195FEFC8CEE767D7',6298
b'B36DE7C690CC0203D272A33C1719D674',6299
b'3C8E27F81F2F02F98C1B0CB42619F385',6300
b'288B6EA80B2A02B70CC2D9023D029E07',6301
b'89E36C2EAA4202A4006FEB37B9507933',6302
b'7DDE2BFD5E7F02AC2C7FDAD7C9456DAD',6303
b'088385282B2202A692280BF663698303',6304
b'55D4585D7675028817E17CD1D7FE3AA8',6305
b'B8AF9EEA9B0E0241FCEEC077FEE34815',6306
b'2E0AFFB00DAB02395A62238E466101C7',6307
b'81E13D0EA240026470A6F1C9A8459132',6308
b'B0AD26CA930C02DA0DBD94DD3ACEFE14',6309
b'DF76C877FCD702F229AE51180083C5F9',6310
b'02011D0021A00269000326DE5CB1A742',6311
b'AB6BFFA688CA028A967B5C7384A6F677',6312
b'B1ED56CE924C02972D1E4FD832693534',6313
b'B0AD5ECA930C02430BDE13D6E118FB14',6314
b'3A0FFEE019AE02EED2C13D858FAEBF45',6315
b'0F4295342CE302BCF3FEE0B5EBDDB6E3',6316
b'9CA6A47ABF070231BCF496377C11AE91',6317
b'1B47C46438E6022F04C77E9A391A4E61',6318
b'AB6BC7A688CA027DA1D53AA352056377',6319
b'4351B10560F002D7EAD0737F19A9206A',6320
b'15C4DC5C36650218615A076A41652FA0',6321
b'BA2F3EE2998E02A1312F491833E62255',6322
b'0740ED1424E10247D46ED441063F6DE2',6323
b'09C3352C2A62027148721E916C611523',6324
b'749CEAD9573D028BC2FBD3F339CC918C',6325
b'A8AB3FAA8B0A02775F19442F25EDC217',6326
b'E4B8F39BC719020FFFE0CDACA4D5AD9E',6327
b'69DB53AD4A7A02815336B9D915AD072F',6328
b'9DE6147EBE4702276CFE5F5F3E7652B1',6329
b'44909119673102DEE74569A809E31A8A',6330
b'1604BC5035A5029B641896E590A885C0',6331
b'91E5FC4EB244025164668A85F15F8530',6332
b'D0B5E04BF31402187BD36EE287C11418',6333
b'DF760877FCD702A5296D98950A88D4F9',6334
b'6359CB8540F8025A1D77F9EB715C846E',6335
b'C3713A07E0D0020088D68749E198117A',6336
b'761C69D155BD028EED24BD30DE90F9CC',6337
b'5355234570F4026CED1D1321A25FF068',6338
b'FF7EE1F7DCDF02364C40ED9AB36449FD',6339
b'0A03862029A2026AABE9AD7E349D3143',6340
b'ADEAF4BE8E4B02F1A029BCE68BBD9BB7',6341
b'91E52F4EB2440215B5B71F4BDF407830',6342
b'B4AC75DA970D0231EAA997D450E3E894',6343
b'4610221165B102D3C160F1B324B85ACA',6344
b'8E22A632AD8302DAA763A7997DA3AFD3',6345
b'F77C29D7D4DD025394662456BD5522FC',6346
b'47502A1564F102C25E7D0FBF459779EA',6347
b'14842758372502543E54914064407180',6348
b'B9EFF5EE9A4E02EA013CE36797BFA535',6349
b'7C9EB1F95F3F022E312B178CD434C28D',6350
b'24883C98072902525AA871ACD1985586',6351
b'5DD6537D7E7702271566DC749A49C4A9',6352
b'58970B697B360234302595EE521BB409',6353
b'749CD1D9573D0217848A1953881E088C',6354
b'1484DF583725023282069058746C2480',6355
b'B36D9DC690CC024A2EBA5E639D5DBD74',6356
b'7DDE79FD5E7F0262F5E6024A38E4A4AD',6357
b'CB730A27E8D202AC262574623900687B',6358
b'43518A0560F002D5DDAAF4A43328A36A',6359
b'2DCA14BC0E6B02B3BBD20004DE91FCA7',6360
b'AA2B64A2898A026B6413C31E3334C557',6361
b'1C8617783F2702E78D6973DC09BCB381',6362
b'1B476F6438E6023B1D15E6DB2B917A61',6363
b'55D4B35D7675025EF37730745E21CAA8',6364
b'26088C9005A9021B79EDC0248E6D51C6',6365
b'D0B5FB4BF31402A2572025CB1E4E1E18',6366
b'BB6F45E698CE027545B1992640EEF675',6367
b'11C5164C326402C234577A41D824F920',6368
b'8CA2C73AAF0302E545BBF65EFA6D1C93',6369
b'C3712B07E0D0025884466DEE12E80A7A',6370
b'8B63A726A8C202EBEFB55A7D4650C473',6371
b'C0B12B0BE31002DE8A25757B7469871A',6372
b'709D28C9533C029CE82817DBA01A0E0C',6373
b'14847658372502F030919C661DE1BC80',6374
b'A768459684C902189AA534E1CA153BF6',6375
b'09C3D72C2A620220E318EEAFC9157823',6376
b'56142A5175B50256D3A43016F23378C8',6377
b'9CA69E7ABF0702EBC7F5EBED0FE11091',6378
b'FCBE90FBDF1F026D79D0CE0CE4D29E9D',6379
b'A7681D9684C90257B1050ADF942CC0F6',6380
b'E5F8319FC659025C8C1354D5BF6CFABE',6381
b'BF6E8CF69CCF02BBE895F344F4D7EDF5',6382
b'95E4265EB64502C02B0D3EF9B66F45B0',6383
b'B8AF0CEA9B0E02A0170C5EAD6E252015',6384
b'B9EF14EE9A4E02BA203EA990E8A5EF35',6385
b'5494D2597735024B5B1D139051EC7D88',6386
b'2A0B3DA009AA02E0B261484BE546CB47',6387
b'7C9E60F95F3F02BA15B60E9D95581B8D',6388
b'F0BDA0CBD31C02031E0BE827F97AF41C',6389
b'088337282B220202BB01E719BFDFFC03',6390
b'B76CC4D694CD02496E95D8CED008ABF4',6391
b'0201E70021A0028DFCE337928A49D642',6392
b'04808F18272102C344FB5266DAD91982',6393
b'489353296B3202A99170D3D17EFB700B',6394
b'0600BF1025A102144E8B37F9700104C2',6395
b'6DDA31BD4E7B02F7ABDD93A61ECE2DAF',6396
b'8A234722A982026A7B573913CE929053',6397
b'EA3B59A3C99A0226F94014006528F95F',6398
b'E239D183C198022953E804A18D44695E',6399
b'8B73B826A8C202B11909C5EBFC744C73',6400
b'B77C73D694CD024638844D85B16F9CF4',6401
b'45C0441D6671024B0103BAD25B9B6DAA',6402
b'AB7BA2A688CA02F5AE3D64B98EFF1B77',6403
b'375C53D414ED02461A70839F111566E4',6404
b'05D0781C266102C356E684DEA5E3DEA2',6405
b'CDE2EC3FEE53023FFD688E2F2D1F3FBB',6406
b'B1FD23CE924C025297F2BC999876C434',6407
b'92356942B1840200CAEC1171D2751F50',6408
b'F0AD47CBD31C02CA19692A98E159E91C',6409
b'F4AC1FDBD71D02D8B7B0DA50C5EA6B9C',6410
b'AB7BE2A688CA026999B47890DE4EAD77',6411
b'0DD2B03C2E630269158C9DB567688EA3',6412
b'F5EC37DFD65D02029905E5B4836213BC',6413
b'774C07D554FD02C75F666860FB454FEC',6414
b'85F0201EA64102126B63F95759BCBAB2',6415
b'F0AD8FCBD31C02033CF4DD82AD03AB1C',6416
b'81F1900EA240024A6EBAF065164B1D32',6417
b'8DF2483EAE4302EDF701D7CD81F3D0B3',6418
b'58871D697B3602A550284719E4BA7C09',6419
b'21D9B28C0268024E469B156803626426',6420
b'4480EC1967310297C943CC31D8F4EC8A',6421
b'734D87C550FC028F3289E8A395B7CA6C',6422
b'4600DC1165B1023D393B3BF061078ACA',6423
b'788F47E95B3E02606E6CA3371DE7770D',6424
b'1355F94430E40289FF4312E311A01D60',6425
b'A8BB5AAA8B0A02F0C2E808AB45627B17',6426
b'B63CB3D2958D020FDC2AC7DE535453D4',6427
b'E9EB7EAFCA5A02A126A684356F1AE13F',6428
b'96348152B5850258CA5B69202C2A80D0',6429
b'B0BDFBCA930C02CF372A2F96AA5C7914',6430
b'EDEA26BFCE5B02AAC61F21BCBD2837BF',6431
b'0211210021A002CC2B5BC9375FDE3742',6432
b'A9FB93AE8A4A02746D3F5126DE482F37',6433
b'F22D3EC3D19C0211D84E08642754B05C',6434
b'375C6AD414ED02CC0C5D265D276BC1E4',6435
b'83711906A0C002CF703DAFD111200772',6436
b'88B3A12AAB020202E19FE5C6CAC50E13',6437
b'0750411424E1020EB534B0FA754575E2',6438
b'56045C5175B50289AC9E707D4C9BB9C8',6439
b'E1E95F8FC25802D33EA5B24566904C3E',6440
b'65C81F9D46790294BE0485D171A357AE',6441
b'9E36B872BD8702FE67CDD0D084A06FD1',6442
b'DF66A477FCD702237BDB916D54624FF9',6443
b'2758139404E90253C9D5A54C427ACCE6',6444
b'90B5604AB30402547986C895D5B16D10',6445
b'AA3BDBA2898A027D9B9524B9AD02ED57',6446
b'D2255443F1940249C9A16D1264CC3458',6447
b'D225AC43F194021FF08459D1FE496E58',6448
b'4201AD0161B002821B02CC4E146F1B4A',6449
b'BCBE5AFA9F0F02B2AF0AF618E8E48095',6450
b'0610F91025A1025581101EA8E467CDC2',6451
b'B0BDAACA930C0243A68F8929A010CF14',6452
b'15D4F85C3665028FD4DB31000CC70BA0',6453
b'B4BCFADA970D0232EAA4C26F678CCF94',6454
b'6608DF9145B90212F90438C84D63AACE',6455
b'CE222D33ED930235D759FF869FB721DB',6456
b'E0A9C78BC31802999F893778509A931E',6457
b'4480951967310254C26A75E7B04DCA8A',6458
b'5604BC5175B5020B63BBB1FB042B8EC8',6459
b'734DD6C550FC029600F57AA66E14036C',6460
b'D7649457F4D502869FD7A81D81FB17F8',6461
b'1F5600743CE7023A822E8358DEDFEDE1',6462
b'31DDEACC126C02C5CF334C3933078B24',6463
b'A8BB88AA8B0A0202E4BE72C101534E17',6464
b'3C9EC9F81F2F026C2739AD65E2F44885',6465
b'2498509807290205A035E89665881E86',6466
b'DF66E777FCD702F47C4926169AB997F9',6467
b'A8BBA8AA8B0A02B7258264A90D747317',6468
b'2A1B88A009AA02A7284EEC255948E447',6469
b'CF62CE37ECD30260ED92A1DAB5CA37FB',6470
b'95F4635EB645028042E69841A32A9CB0',6471
b'B77C39D694CD02FC253293A3D72F19F4',6472
b'2E1AA8B00DAB02D890B9F001114599C7',6473
b'5DC6877D7E770295B5941277961D75A9',6474
b'DDE6877FFE5702BFAD1D63FC7A7CBBB9',6475
b'C2214E03E19002C8A8577635305A865A',6476
b'5A07CF6179B602E5EE4277264CF5DA49',6477
b'5744075574F502D9E650A663C50AE2E8',6478
b'ACBAB0BA8F0B02E602018B549E225997',6479
b'49C3162D6A7202EA07B8165818D23F2B',6480
b'0C924A382F230290A431B76365C8DB83',6481
b'6608F49145B9020B0C1992467FDCD9CE',6482
b'09D30A2C2A62026319418E5F92EE6523',6483
b'93143446631802433875EBEF09D61C70',4001
b'50E41049A0E8021701087F65F17D6A08',4002
b'ACDBD7BA5CD702F2BAD7F8C0D36FCD97',4003
b'44E16119B4ED0272661A3E3FF89EAA8A',4004
b'39BEBEECC9B2023B49674C20FC204C25',4005
b'F4CD7ADB04C1025AD417B719A59A129C',4006
b'B0DC36CA40D002C5200A3158D4A3B614',4007
b'0F33B534FF3F02F9DFEA5831738965E3',4008
b'EB0AF3A71B0602FC4DDE8096AAE4D87F',4009
b'4F23A135BF2F026CEC54B1F62CCD5DEB',4010
b'766D3AD186610219C5787578B6E8A7CC',4011
b'34FD26D8C4F102100F4C926C49F95884',4012
b'AE5B87B25E5702197E33095C25EC46D7',4013
b'EB0ACBA71B06023623FEB130C95D297F',4014
b'5DA7A87DADAB0294871DE94442AD22A9',4015
b'24F9C798D4F502848E0BAC551B2B2C86',4016
b'64E9CB9994E502DB50C15C5FF1DA8B8E',4017
b'5264B041A2680249AEFFA76C9DC7C348',4018
b'FB0E22E70B0202EC9B23FE2CB4CF837D',4019
b'9B161C666B1A02B40D7CCE73C088F171',4020
b'3CFF6EF8CCF30252E647074492A3AC85',4021
b'FB0E0AE70B02028FC0203A73FD0C817D',4022
b'A2589782525402C0E8DDD392DA11D156',4023
b'A258EF8252540218E8AB4AA989C52256',4024
b'7F2F3AF58F230259E5A26FB16C70A8ED',4025
b'0B326524FB3E02F835B79E6EF875FD63',4026
b'ACDB17BA5CD70272B40234B207E9BA97',4027
b'54E5A059A4E9021C2AC141AAEB4FFA88',4028
b'FE4F02F30E43025A99CF2200B63BE9DD',4029
b'B25CDEC24250024983464E7851CC8054',4030
b'1B364C64EB3A02EDF6CBD01EE2EC8361',4031
b'4E63E231BE6F02F45463FB4811BAB3CB',4032
b'EE4BE0B31E4702739C25AF401F6EBCDF',4033
b'7A6EB1E18A6202770CE100D83AB92A4D',4034
b'71AC09CD81A002C8CB8A361A7193382C',4035
b'28FAA4A8D8F602406E2380530A553607',4036
b'90D4274A60D802CF717851B4F1DFDB10',4037
b'6DABE0BD9DA702785EC470B62FCA27AF',4038
b'B19C25CE41900210B4BEDA9151227234',4039
b'ECCB88BB1CC70273B0A03C5F4435F99F',4040
b'FCCF81FB0CC30222BE62DC72BF446A9D',4041
b'CE43BA333E4F02ED1706D74857E7E1DB',4042
b'2CFB9CB8DCF7022B9ECF041C23F42A87',4043
b'A2584C825254024C56077AE65207A156',4044
b'ECCBA0BB1CC7026B2B9662C80852869F',4045
b'F24C59C30240024FFEECD890600F5B5C',4046
b'54E53B59A4E902CB8BAA9F4F4C7ED188',4047
b'6DAB50BD9DA702E27B67F07AFB17CEAF',4048
b'B4DDC5DA44D1020B5855416394405494',4049
b'3CFF55F8CCF302D2B4E83B0B01A60F85',4050
b'F64DF1D30641020ED91D90153234D0DC',4051
b'B8DE2DEA48D2023A29474B7430D1F615',4052
b'60E8A88990E402E302894BE13E51370E',4053
b'F58DE9DF058102D40EAE1A48AB4141BC',4054
b'732C89C583200229A08F4B806DD4836C',4055
b'F4CD89DB04C102599D29D501E969509C',4056
b'60E8C88990E4021AEE3F6AE5D38BE60E',4057
b'2DBB04BCDDB70229D51DA75B7BA8CDA7',4058
b'C982422F398E022B19DB53C9078D2F3B',4059
b'D244CB432248024AA0E8FEEF2E0E2258',4060
b'F98E71EF098202389AC59FD7D9E3303D',4061
b'9595AF5E659902C55276F2DBCDCD82B0',4062
b'1E771F70EE7B029BBE1B8C5C64550BC1',4063
b'50E40249A0E80254449F66E6BA236608',4064
b'327C2CC0C27002EB83AB89DA1D05DF44',4065
b'7B2EA0E58B2202B92F85050E917B0C6D',4066
b'17356E54E7390201A30D8957241ACEE0',4067
b'03301704F33C022881A521D600356662',4068
b'9194364E619802C5B93F22EC306C1230',4069
b'E98AA9AF198602F3FA1AE291ED07373F',4070
b'78EEB8E988E202E7EA23F982723DF00D',4071
b'7B2EF0E58B22020C3008F885BD762C6D',4072
b'F24C60C302400205AE4E10E607767A5C',4073
b'4CE39339BCEF02EF1F7BDF631894AA8B',4074
b'69AAC9AD99A602FA60DAB2B9F50F6E2F',4075
b'97151E56671902126A23BFD46416B1F0',4076
b'C8C2E32B38CE02C24A93D2220FFF681B',4077
b'333C44C4C330024058E69EB044E34C64',4078
b'FF0F80F70F03021F9C8EB38146AF1AFD',4079
b'49A2132DB9AE023417CFC20D6958972B',4080
b'CD83533F3D8F02F6C1F3F21A32D910BB',4081
b'B65DFCD2465102848A14D1546A4929D4',4082
b'C180830F318C02E6D93D2134B146D73A',4083
b'15B5F65CE5B902DE72DA44EEDE6477A0',4084
b'F24C80C302400240981DDA081A86735C',4085
b'35BDE4DCC5B102CF12A11C4FD1235EA4',4086
b'C180A30F318C025A6A0093E5FD822E3A',4087
b'1E772670EE7B02B4342C8D2949D77BC1',4088
b'65A9999D95A502531F1E19D9680A4FAE',4089
b'F24CF8C302400295B3D952878C83A55C',4090
b'2278FD80D274022A17A2E562D0CBC546',4091
b'F0CCE8CB00C0024BB007011441AD9D1C',4092
b'E8CA61AB18C602FB8D28EEC6A094331F',4093
b'94D5BE5A64D902D28ADE24F915F9E890',4094
b'79AE68ED89A2022243D3FC958A157A2D',4095
b'4E92E431BE6F02F1DC13F82DA44090CB',4096
b'66986E91966502CF2B792FFE45308CCE',4097
b'0540401CF5BD02774A336C5D2CDEDBA2',4098
b'C570441F358D024F43862F7BD82532BA',4099
b'E4386E9B14C5020BDF4FBD33D3F58C9E',4100
b'24086A98D4F5028DBA862FAE30DF6786',4101
b'3A8F93E0CA7202E97FB9A0712F24CC45',4102
b'3C0EFBF8CCF3021453140880E2DFAF85',4103
b'7E9EA7F18E6302A2C8573C9BC5F6B5CD',4104
b'294BDAACD9B6026FBFC0A21505AC3227',4105
b'C973CC2F398E02AA09FE77A66808453B',4106
b'DD76857F2D8B02A795FB5CD7BA98D0B9',4107
b'52954541A268021E155A48D6DC663B48',4108
b'14042958E4F902050700055500DDB480',4109
b'F03D7FCB00C00267C55A0E284F95FA1C',4110
b'AFEA82B65F170239023F26447F3E59F7',4111
b'B2ADABC2425002CDCEDC10A2DB891C54',4112
b'0E826830FE7F0232609F93DC589058C3',4113
b'C2B1BC03324C02DD7B47844498FEB25A',4114
b'2FCA6AB4DF3702AEE348381D980B27E7',4115
b'5BD71565AB2A02357F87A8A95C10BA69',4116
b'E3F99687130402D5BF1F1B6C230B717E',4117
b'9C26797A6CDB023D2F5F093A41740291',4118
b'4550EC1DB5AD0204A57968A56B30F5AA',4119
b'FFFE3FF70F03026B9C5EA2FE888679FD',4120
b'6019CE8990E402A2F598FC3674B9C50E',4121
b'53D5E545A328024A2834303D8F94AA68',4122
b'25488A9CD5B5029ED47977CF5231B4A6',4123
b'BD6E3BFE4D9302E301F90DA057523CB5',4124
b'681B6EA998E602ABD9CA85EE6D9EAD0F',4125
b'B16DEBCE419002D7CFF7DA7660A4E834',4126
b'5554AD5DA5A902DD794869C2D4260FA8',4127
b'D0350C4B20C8021EEC3545D639602218',4128
b'8EA2E1327E5F02D91768E871DB0875D3',4129
b'6558479D95A50207DE7E32338C75CFAE',4130
b'681B9FA998E6023C28D62A481B24E30F',4131
b'B82FAAEA48D202FFB2685E782593BF15',4132
b'AD6AF3BE5D9702AAE53741324A8BCDB7',4133
b'06805110F67D02899727BC3E90A888C2',4134
b'340C7AD8C4F1025A214E7C9903DFE484',4135
b'3D4E92FCCDB30214876C8E41AD1FA6A5',4136
b'12856840E27802D3815EDDBF29042140',4137
b'AD6A8BBE5D9702747239C1B06E2E71B7',4138
b'B16D42CE419002538D73DBB20FE9E434',4139
b'50156449A0E80211D04F9A2810420908',4140
b'354C3ADCC5B102029927326F26711AA4',4141
b'52955441A268029E82168E128DD19548',4142
b'4953ED2DB9AE026AAB8BEE3015E9E22B',4143
b'A2A9AB82525402AA0946E3F4A5063256',4144
b'B02D82CA40D00284FFB028268DC18B14',4145
b'BAAF3AE24A520233119F024D54271355',4146
b'6A9B3FA19A660234F5884DD700E6E14F',4147
b'2688C390D675029D5343B50854205DC6',4148
b'2D4A7BBCDDB702F34EF7186971BA7DA7',4149
b'0001B108F0FC024B2819CA6C862E8702',4150
b'F3FD86C70300021C1DEC812EA8BB5A7C',4151
b'FEBE2EF30E4302B01A076509F32B8EDD',4152
b'A568939E559502F63D813A3B2BC1E6B6',4153
b'B3EDEAC643100298D6B107E5F9D95B74',4154
b'0BC36924FB3E022A843D29F1C364EB63',4155
b'701DE6C980E002A2ED013DA094DAF80C',4156
b'5FD61C75AF2B02AE17BD097F98FF36E9',4157
b'3E8E12F0CE730299D2C29DF1685673C5',4158
b'2C0A3BB8DCF7027829DC41688D608087',4159
b'CAB3AE233A4E02A78E95A05A05D7535B',4160
b'0A83AA20FA7E0261EEA32100BD384843',4161
b'EABBBCA31A4602F86320E33BC2B4405F',4162
b'6C1ADCB99CE7023D0902B7595E7CD58F',4163
b'4D52F63DBDAF02E69183E233E8125EAB',4164
b'83E11206731C02D235CD4C927EEC3872',4165
b'781FB5E988E202C022ECEA8AC5D76A0D',4166
b'55546F5DA5A9024DBB7E5EC19215E8A8',4167
b'B82FC9EA48D202A77CFC08F2071DAE15',4168
b'01415A0CF1BC02DE8AFDCE90A34E0622',4169
b'9C269B7A6CDB02646DD6CC94FB895E91',4170
b'4BD3EE25BB2E02BA98101754DC426E6B',4171
b'C7F01E17370D028FAE60B07E13538CFA',4172
b'9BE7D3666B1A02BDCFF4720017DAC671',4173
b'03C14204F33C02D1E106A9FBD4A81462',4174
b'8BE3C2267B1E02AD0635C17894AFB273',4175
b'93E5BB46631802C4E857B4A6E7605970',4176
b'8BE332267B1E020F199CE9375AA0F073',4177
b'8420DA1A74DD0213CA158BAD0DE98492',4178
b'FBFF25E70B02020EB04FB0056BD6717D',4179
b'A428E89A54D5021B240E2A91EF82DF96',4180
b'6418EC9994E502306C8094DEE8FDBC8E',4181
b'47D0C615B72D0259AC91D40F859033EA',4182
b'A3E980865314029456A8735BCFB87976',4183
b'33CDF1C4C330029D936B0DE7D6C2E464',4184
b'F2BDE5C3024002D9DEF41E8D01333E5C',4185
b'1C061378ECFB0226C19637F50BF26B81',4186
b'0141CA0CF1BC02DE0945DF8CA8698C22',4187
b'03C1D204F33C025D9F9456E1ED168662',4188
b'AEAA00B25E5702F6CEDE96DD8671A2D7',4189
b'3D4E21FCCDB302D1BCDCB4EB44526FA5',4190
b'D175E74F218802CBABE194C27FBCF638',4191
b'4550571DB5AD0200EF7C0381CF35EBAA',4192
b'8D62D33E7D9F023AD4EB7F7604D679B3',4193
b'3D4EC0FCCDB3022ABF48390775A545A5',4194
b'43D12F05B32C0216669FBE1EBAF86D6A',4195
b'D837AE6B28CA02A7D87912AA1298BB19',4196
b'AD6AF1BE5D9702B972F2F746BCEEDFB7',4197
b'E4387D9B14C50249C03512BDF29FD29E',4198
b'57D44E55A72902D14033E48B6606FCE8',4199
b'94240A5A64D902D867A8841538EF4B90',4200
b'47D03F15B72D02528B018CBAF94730EA',4201
b'FEBEBCF30E4302FD49A509A4E5D589DD',4202
b'8560031E759D02B6E0D1E605FDED23B2',4203
b'E83BEDAB18C602324675A8D239FBB51F',4204
b'3BCFD8E4CB3202EFDE2EC9AC497F3A65',4205
b'AEAA99B25E5702E639F8B1E166CEBED7',4206
b'1BC7CA64EB3A02F8E8FB445102D0C861',4207
b'AEAA69B25E5702BFC7FF9A7765C55BD7',4208
b'BEAE60F24E5302188239F1B54F96E6D5',4209
b'F17D8CCF01800267DB36321E2CF1723C',4210
b'9D66427E6D9B02A7A17F98B80CECCFB1',4211
b'314DB0CCC1B002C303CD184E3D124224',4212
b'9BE712666B1A02395E1CC7C2EC248871',4213
b'F97F2CEF098202A2967D4472A84B153D',4214
b'0001BB08F0FC02A1D4F2338F5E8F1302',4215
b'755C94DD85A10215C885150DD2FA6BAC',4216
b'ABEB71A65B1602B56F9064D62B3B7577',4217
b'5A977661AA6A02E709734C4955E97949',4218
b'4A937F21BA6E0228197236D2F0ADEE4B',4219
b'FABF4CE30A4202F5A9C18EE43C9AB45D',4220
b'F43CA4DB04C10280E39ACAD8467AE29C',4221
b'BC2E38FA4CD3026C27EFE1ABB29B4F95',4222
b'9FE602766F1B0277478936ECF83D98F1',4223
b'B6AC6FD24651021C776232B98E6893D4',4224
b'9564555E65990250F132699A47F791B0',4225
b'6E9AF2B19E67029A8DE283F924E341CF',4226
b'8EA2F4327E5F023CCBB40956AA261CD3',4227
b'9EA6CD726E5B021BA9E7C2EC583DEBD1',4228
b'F17D33CF018002E5BD052A360DAC563C',4229
b'4A939021BA6E0229F3F57E996A19404B',4230
b'755C6BDD85A10290E2FB8ABB33A6D1AC',4231
b'294BD6ACD9B602F24C569981B7057227',4232
b'BD6E97FE4D930217A8F81C5ED025D3B5',4233
b'7FDEA3F58F230233B833BB01CC76A4ED',4234
b'86A03412765D0278FA2D5C3F5BFF04D2',4235
b'94242D5A64D902103CDCA029BC9C6490',4236
b'D434215B24C90200F6B4157003011598',4237
b'7FDE83F58F2302E0CB58766C207D08ED',4238
b'755C2BDD85A102CA343602E7A997AFAC',4239
b'2548D69CD5B502B5EF9AE838233322A6',4240
b'FEBE63F30E43029835AC6291CA4CAEDD',4241
b'FD7E4BFF0D8302305A728549EFCF0ABD',4242
b'A7E8E6965715023C7BD63C3652D625F6',4243
b'4690C011B66D0216560238C5B071E5CA',4244
b'F3FD93C70300026FAAF5D865B8B3987C',4245
b'2FCA46B4DF3702F90473DAB051BCB1E7',4246
b'F3FD83C7030002AE8FE7AE42CC41A97C',4247
b'5C160179ACEB0292D4E685964ED01F89',4248
b'DBF771672B0A022A9BF340B032EB3779',4249
b'3D4E07FCCDB302BC885E3843004DEDA5',4250
b'0BC36C24FB3E02674A34A0D12FCD8863',4251
b'3BCF57E4CB3202F4689B5A6D15A07C65',4252
b'368C8FD0C671020DEE623CBB86D643C4',4253
b'EC3A3ABB1CC702FADB3FC6204A51289F',4254
b'1404BD58E4F902506B3C4EDE29352480',4255
b'E5785B9F1585025F67495EFA4E6B7EBE',4256
b'93E534466318028FACDB2E636F36D470',4257
b'729D32C1826002DFF20CA6ED40FC6F4C',4258
b'681B9BA998E602353E192959248DB30F',4259
b'B02D2ECA40D002167CD964BD2FF51E14',4260
b'14046C58E4F90216DBD6FA261B983A80',4261
b'12851440E2780287F43AD8CAB26E9940',4262
b'AC2AF7BA5CD702D32A04005B578B7D97',4263
b'6698239196650250511327C2731468CE',4264
b'5817C869A8EA02E96B4D253718BA9409',4265
b'695BC3AD99A6022358DA01C279A59A2F',4266
b'60195B8990E4024F1452FCEDDA28720E',4267
b'77DC12D58721020D57B4FFC854F6F6EC',4268
b'26880F90D67502F90C8BBB698657A8C6',4269
b'CBF3C9273B0E0239C41228E1C106457B',4270
b'B2AD56C2425002D2461F122F31D98054',4271
b'C6B0E913364D027FE39BCEF0DD194DDA',4272
b'7D5E5AFD8DA302B5471E6C53DCAA48AD',4273
b'80219D0A70DC0293ACF992A96E094712',4274
b'F7FCE2D7070102C971FE4C05A99A43FC',4275
b'E039AB8B10C4024745D41F5850BD161E',4276
b'A2A98782525402A90AF8908B47145C56',4277
b'0BC30524FB3E0267660914885D6ECC63',4278
b'0141AD0CF1BC0292F01BBFE870F64322',4279
b'E5789B9F158502C3E8BF4A0F300DA2BE',4280
b'0FC23D34FF3F02E5F480DF31D7BB50E3',4281
b'A2A9FF825254028B0877071E03A47D56',4282
b'B02DD6CA40D002078B2B0477BBD6EF14',4283
b'8EA20D327E5F027AC3576917EB303ED3',4284
b'C833612B38CE027D1024422B86CE681B',4285
b'B56CAEDE459102C65D4B0DFACE5586B4',4286
b'BAAF56E24A52020E189C8DE09D8B0F55',4287
b'06806610F67D024C3472BEF881B041C2',4288
b'F6BC61D306410202C2BDF43E1DA0F2DC',4289
b'C4305A1B34CD02567A70582B582A569A',4290
b'781F99E988E2027354456BC24693240D',4291
b'4FD2D235BF2F02272A9DB468FD0519EB',4292
b'5E96CB71AE6B027E9A400153E1EF08C9',4293
b'F2BD19C30240021CD23BA5E33642575C',4294
b'D574635F2589020C133DAFB1DE8115B8',4295
b'CEB2AA333E4F02B7B46DA36F8E9867DB',4296
b'CEB2A2333E4F0299E77EC8EEC6013ADB',4297
b'62997081926402682CEB96AEB235AB4E',4298
b'9165474E619802049D561740BBF59530',4299
b'E438289B14C502B1069F1244811A1C9E',4300
b'55543B5DA5A9021F9E7C32A51FD881A8',4301
b'1BC7C764EB3A02669FC91BBD36ABE261',4302
b'EEBA90B31E47023B6100307203F280DF',4303
b'741CC1D984E1029789D84764B4DAD98C',4304
b'CBF332273B0E0220A4261CFD8C93037B',4305
b'E3F9A88713040213E0E7369FB2E9837E',4306
b'F03D91CB00C00247F77A6CCFBA06C51C',4307
b'F03DA9CB00C00221C859B40D8141E11C',4308
b'33CD9DC4C3300250E1CC6F0AB6EF5264',4309
b'E2B99883124402D6F02C8DF70366445E',4310
b'CAB312233A4E020A4730DA43B687AE5B',4311
b'F3FDF9C70300020337721C79C069FE7C',4312
b'C171D20F318C025706CF20255954013A',4313
b'D6B4BB53264902CAF02B9DF5567CF1D8',4314
b'6BDB68A59B2602E6252D01D5A7F8E26F',4315
b'C171FA0F318C028E9D91EAAA5E5E7D3A',4316
b'E039E08B10C4029E04DACD94A25CC61E',4317
b'BBEF4DE64B1202E847C07D5719A91475',4318
b'E83B70AB18C60280D9024C43174A981F',4319
b'D9779A6F298A023ECA610D0D5A4C3C39',4320
b'769C68D186610243476164B54DD0DACC',4321
b'BD6ECCFE4D9302B63795ABCFA75DF2B5',4322
b'92A53642625802DF5AD05B5C5A221450',4323
b'2D4AF5BCDDB70257874F5134543598A7',4324
b'5817AA69A8EA02B8D88E2211E8289409',4325
b'66985191966502D473C9F7234E552BCE',4326
b'C2B11303324C02C46C0B783289F8C25A',4327
b'56942251A6690249823726E27FC0BEC8',4328
b'6159598D91A4025358BEDF452F831D2E',4329
b'03C16704F33C02D7952FD96534CD0162',4330
b'F3FD60C703000217A2C38F391BC7F17C',4331
b'95643E5E65990293B896D55D8A24B1B0',4332
b'EEBA81B31E4702A99AFB82282696AADF',4333
b'F2BD58C302400283E2750F8F69436F5C',4334
b'D434325B24C9024A648544350421DC98',4335
b'B2ADACC2425002DFBE3E76AD45DA3F54',4336
b'9424C65A64D9028AF7AD31F48F7A3690',4337
b'81618F0E719C0252BAC271F43B336C32',4338
b'4291BB01B26C02D0057CAC9A1318644A',4339
b'C171BB0F318C02A34EDD6E2D31972B3A',4340
b'77DCD8D587210242AEBEA98693B51CEC',4341
b'314DA4CCC1B0020C5004DC40E3FFFA24',4342
b'C3F18307330C024D3ABA29C6349F477A',4343
b'6159D18D91A402618EA196C75263382E',4344
b'0A836F20FA7E02CCD850131C20076943',4345
b'A029DD8A50D402D652531BBCC31BB516',4346
b'CD72033F3D8F02D6CC3B0713ADEC02BB',4347
b'2149F58CD1B4028BD865FFE8D2498926',4348
b'2149FD8CD1B402CFA11F504284E53926',4349
b'3FCE04F4CF33023EF5D097ED700CA7E5',4350
b'1285DE40E27802CD742A134558450C40',4351
b'C2A12C03324C02D9F9730B17DF6C895A',4352
b'18178968E8FA02AA699C0E60C2E2AA01',4353
b'8031180A70DC028BFEF8B78563C25612',4354
b'DFE6E5772F0B02E7218D6B3CE7B083F9',4355
b'0A938020FA7E02ED4F0225BE1A598243',4356
b'BD7EF3FE4D93027F63D281EAED3D22B5',4357
b'1155BD4CE1B80206BAA3AF2898F35820',4501
b'740CF3D984E1025EC94C416002921A8C',4502
b'6BCB0AA59B26027BB353F9F5C115B66F',4503
b'6D4A12BD9DA702F20385C48594CC98AF',4504
b'AEBA26B25E5702A24B548F34845418D7',4505
b'4A837021BA6E02EDAEC2E762DF49994B',4506
b'680B5AA998E602EC73D9807F2E033D0F',4507
b'7E8E03F18E6302348D2448A39BF5B0CD',4508
b'1D563D7CEDBB023800BA01D943C0C2A1',4509
b'714DE3CD81A0020F5E47315DCBCF0A2C',4510
b'6E8A1AB19E6702B6D59B4F732AACB3CF',4511
b'9BF7BC666B1A02BCB264498C5A116471',4512
b'CAA3A1233A4E02382ECCA16F1568B15B',4513
b'C3E12907330C0203DDA911414E69747A',4514
b'CD62C13F3D8F02E277C48F61553C72BB',4515
b'B2BD0EC24250026E6F925DA87EC54B54',4516
b'8C32E53A7CDF02245D82F19B1D0A0393',4517
b'5C06F079ACEB02A4B1D03624330E3989',4518
b'F56C62DF0581025EEE057E62241A70BC',4519
b'1D56947CEDBB02F2A6BF36CE63AD6FA1',4520
b'A039478A50D4025CF77BF63C55895116',4521
b'E1694B8F11840227EE937693D4D7223E',4522
b'C6A03113364D02C8B6BA91925341ADDA',4523
b'9977FC6E699A0227399A23F065C83231',4524
b'E6A803931645024A6D468598F8CE80DE',4525
b'9D76AC7E6D9B026A35E58F549CEE9BB1',4526
b'C420311B34CD02C21655B685163EEA9A',4527
b'0291A500F27C020A5ABE16AEBEE0F742',4528
b'63C9BB859324024B8163517AF3D2C76E',4529
b'E96B0BAF198602723396A1BA5566013F',4530
b'2698FF90D675028132994E06CCED76C6',4531
b'C161B90F318C02C3FA16E53E7D492C3A',4532
b'2418EF98D4F5029ED1EB102DBE4D4786',4533
b'97F4CC566719029902796CEAE46F2FF0',4534
b'E029B38B10C40251806824911FB1C01E',4535
b'1957546CE9BA02FB7B71ED39AD16FC21',4536
b'9AB764626A5A0262D6FF0DC5FFBF9F51',4537
b'8FF22D367F1F02EFCD9D011CDD350BF3',4538
b'DC26107B2CCB02AEEC8F15CE78BBE499',4539
b'CFE219373F0F02B14654DC245B3743FB',4540
b'5544B85DA5A902D9585BCA205930E6A8',4541
b'D424B85B24C9025D924D108F1AE25C98',4542
b'381F7EE8C8F202A6F4AD0538B8813705',4543
b'5BC7B365AB2A027E54C2DF476EA63469',4544
b'700D09C980E00203A8E053D1E86BD00C',4545
b'2C1AD4B8DCF7027EACC7F67419C67E87',4546
b'6D4AC8BD9DA702BF911C7F4589C56BAF',4547
b'301D25C8C0F002909FD2C42EEA91FB04',4548
b'9035274A60D8020601327A3AFC2C9210',4549
b'2558649CD5B50205E76879E4ECC891A6',4550
b'3D5EEDFCCDB302B69A36A58E089CEEA5',4551
b'95741F5E6599028E207604C6BA2A91B0',4552
b'5C068B79ACEB02EBF5605FEA5B033B89',4553
b'C963CA2F398E02EE65BAA02758C3923B',4554
b'DAA7F3632A4A026CC1E6D357259DBD59',4555
b'E169788F11840240605AB001F8EA743E',4556
b'7D4EB9FD8DA3025625E31E116DDA36AD',4557
b'ED6AA8BF1D87027976822FB7401F07BF',4558
b'3D5EADFCCDB302F61129AE97557ED7A5',4559
b'83F1BE06731C02CAF48C48E2E7091472',4560
b'5A872B61AA6A026CB05931D17A101F49',4561
b'AD7A4CBE5D970220FFBF28CF0A7752B7',4562
b'2BDB2CA4DB3602EB138D14AA5B054767',4563
b'3D5E75FCCDB302A6719B85B45956A1A5',4564
b'B43CE5DA44D1024576BC37BF8BE10894',4565
b'CEA25A333E4F02E2DAA5119160A8E6DB',4566
b'D7E4C3572709028CC24AA369B307B4F8',4567
b'780F41E988E202434A433E0B93637D0D',4568
b'FBEF71E70B02026F045387A39EB0FE7D',4569
b'4680B211B66D0212BEDE6C1ADE0625CA',4570
b'DFE623772F0B0261B268EA0FB109E8F9',4571
b'C9637A2F398E027786E5A1D545567C3B',4572
b'F16DF1CF0180028FA0FF4A469138113C',4573
b'2A9B54A0DA760276E066BEC4AAE66847',4574
b'CEA212333E4F0236AF7753412C953EDB',4575
b'6BCBB1A59B26023C2FBCA53ED1DB706F',4576
b'CBE3B3273B0E023D83CCF04A4BD09D7B',4577
b'5C06D279ACEB02E6215E4CE453FC6F89',4578
b'97F4665667190292812713FF50F81AF0',4579
b'24186598D4F502C1A3452405C3A8CA86',4580
b'21593D8CD1B402D5FD58F743480D6A26',4581
b'07D04714F73D02463ADD0282D9F122E2',4582
b'D7E4425727090209DFA3C5131AC83EF8',4583
b'BEBEACF24E530272F1AD9116487491D5',4584
b'37DC3CD4C731021E4C8829C9A50A27E4',4585
b'F2AD78C30240020B28024248D113085C',4586
b'A83BD5AA58D602778BC5E794FD0A9817',4587
b'1C16A678ECFB02F8FF8B5F17BED62881',4588
b'F7EC10D7070102D9D31B4E548B9588FC',4589
b'CC22BB3B3CCF02A9602F0BDEE767699B',4590
b'4FC28B35BF2F0260B458A611C2071AEB',4591
b'7A8F20E18A62028B6F951A2481C4914D',4592
b'9977166E699A02756661FE4D3A914831',4593
b'BEBE7CF24E5302B91FD0E0970E2AF1D5',4594
b'329DBCC0C270029EBAF49F7983CB5844',4595
b'2418E598D4F502CC69F0ADF8B61F8E86',4596
b'58072A69A8EA0226F5936CE6CA574E09',4597
b'1414F658E4F902D4A9BFC27F405F9480',4598
b'9FF646766F1B022D05BE247DD40677F1',4599
b'CFE23B373F0F02EFD60AEE1508C452FB',4600
b'680B49A998E602A1C2804AA5C31C690F',4601
b'B6BCBCD24651025E4E057F580ACCC0D4',4602
b'27D8AD94D73502DADEC1D47E04B1B9E6',4603
b'48036329B8EE02B1C82E4C3D10B2940B',4604
b'FBEF50E70B020227FC1339CE5C149A7D',4605
b'740CB0D984E1024231839B8047DE418C',4606
b'680B79A998E602C229143E8B4101800F',4607
b'EC1ACEBB1CC702A089BCFE170886ED9F',4608
b'CD52D43F3D8F026FE0D56D89D424CFBB',4609
b'D2953D4322480253ACEC1C5940030158',4610
b'D694755326490258B10B0D2E831A14D8',4611
b'C4106C1B34CD02573704C9C2D8F05A9A',4612
b'60392E8990E402C0F256F4992386610E',4613
b'BE8EDBF24E5302E713970D4462444FD5',4614
b'5AB79D61AA6A0268334A3A5DA5F9BC49',4615
b'743C07D984E102CE7FEEF8403CB2DD8C',4616
b'E95BD6AF19860233D24988E9C8D1C33F',4617
b'93C5694663180207EBDB2BC273C12970',4618
b'51754D4DA1A80287594CEDC4C2160528',4619
b'2C2AA2B8DCF702716FFF7F1DE6B6A387',4620
b'DE9685732E4B027C7914A7F24E40D6D9',4621
b'40317409B0EC028C1B1868ACE9C4710A',4622
b'1FE68974EF3B02F61CAC20FA8753DFE1',4623
b'3BEF33E4CB32022B3A5757FBA75BAB65',4624
b'B68CE3D2465102D3B4D5E84C464843D4',4625
b'DBD72D672B0A024E55EF4D89AD14A979',4626
b'2EAA7AB0DE7702F6A3E1CF341F9767C7',4627
b'4AB30421BA6E02ACD80176F109F4404B',4628
b'27E8DA94D73502FC0738C26997904BE6',4629
b'DC167D7B2CCB027161AAC9D5CCDFD999',4630
b'26A8DA90D675021EC0C39ECA3A7B28C6',4631
b'A289EA82525402C767CFDCF28770B456',4632
b'396F5BECC9B202252A0188018137EC25',4633
b'18275168E8FA02F546CD27816E7C9901',4634
b'FA9F77E30A4202AC4B74B165AC697C5D',4635
b'63F9D68593240247091E1F513C160D6E',4636
b'9BC751666B1A02FA0AABD167FDE3AE71',4637
b'C151EC0F318C021B4F8326A4E108353A',4638
b'52B5DD41A26802118DA92669033BB448',4639
b'6039078990E402E0796239D487C7B20E',4640
b'0FE2F934FF3F029D1E5FF9E017A6D3E3',4641
b'6FFAE7B59F2702EFD84CD7369E1C20EF',4642
b'44305D19B4ED02870B32462836DA128A',4643
b'EE9ACFB31E4702F5F7299227A63D13DF',4644
b'0823A928F8FE02A5370AA4A08AAD5003',4645
b'1EA6D070EE7B02EF085CEC3B60C503C1',4646
b'3EAEDAF0CE7302BB6AE840623F7317C5',4647
b'AFCABBB65F17027BAE6E5BB8A9099FF7',4648
b'0161590CF1BC02089B251E822D576F22',4649
b'797FC6ED89A202BE0EC963FC7DDC062D',4650
b'0161490CF1BC0247E74A19EF63025222',4651
b'6EBA87B19E6702B3341576D2ED53D4CF',4652
b'A688039256550239BF34D92B880F3CD6',4653
b'D0157C4B20C80290995600882C389E18',4654
b'F7DC06D707010208B05687A18704F0FC',4655
b'73FDB6C5832002C47BEC323A6F664B6C',4656
b'3AAF2AE0CA7202F5D8CC591DB9F64A45',4657
b'DA973C632A4A0233392DEF5493576D59',4658
b'32ADBAC0C27002C42DFF0097A4665344',4659
b'3EAE42F0CE73027C2CB20542DDEF4FC5',4660
b'C410E51B34CD024420C108A157B17E9A',4661
b'87C0C916771D020BE14A924632A85BF2',4662
b'9C06707A6CDB02364DA38D4DC955E491',4663
b'2AAB63A0DA76028BE583EE4BE9E0E847',4664
b'D957546F298A02AA86DB2930C69AE339',4665
b'C690BD13364D025AC90A23D175F42EDA',4666
b'E299F783124402493403B6393A41945E',4667
b'8E8209327E5F02E193677069833CE2D3',4668
b'66B88F919665024874CAD835576951CE',4669
b'4BF34525BB2E0232710C991BCD060C6B',4670
b'DD56247F2D8B0260B8480AC40D1476B9',4671
b'13E53344E338024884F696461D52B860',4672
b'02A12A00F27C028D305E064F1532CD42',4673
b'FFDEEDF70F0302EA92A3B8A8CC5027FD',4674
b'EC1AD4BB1CC702D353A00EB22C3C899F',4675
b'AE8AC8B25E5702D8943997A94BB8A8D7',4676
b'BBCF91E64B1202E99BB958AFCE2EC175',4677
b'5175274DA1A8029FD8C90ABB47324A28',4678
b'E558649F15850202D47197D683AC58BE',4679
b'C0114E0B30CC02D0E7287C4C47C1861A',4680
b'12A56B40E27802955A4F38BC80AE6B40',4681
b'0BE3E224FB3E02B646B350DD7ED6CA63',4682
b'12A57B40E278026D92C3015959D2BE40',4683
b'C3D15E07330C025AD5B09C00B489AD7A',4684
b'17E41B54E739020C28A31E0CC597E2E0',4685
b'00217208F0FC021D31E740E58C966402',4686
b'8943E22E799E023668D9F7BA8CB15133',4687
b'0420C218F4FD025B1BA898071A459882',4688
b'8E8262327E5F02B8528DA54B97CEEAD3',4689
b'6179848D91A4025474FCBF55EF13A92E',4690
b'DE9677732E4B02ED7200E32A87B20DD9',4691
b'797F35ED89A202B161C998B1BA172F2D',4692
b'DC16677B2CCB029377B190F5A9EA0599',4693
b'5C367779ACEB02F6CEC5667B0C6AE289',4694
b'783F3DE988E20285D427FF7E10E7BE0D',4695
b'3C2E01F8CCF302938D5CF16D1D8EDE85',4696
b'5EB62F71AE6B02BC55537FA298BD76C9',4697
b'18275368E8FA022D874CBCC8BE562B01',4698
b'4031DE09B0EC02D79A247BD3B331FE0A',4699
b'16A48350E67902165E5DF90012BDFAC0',4700
b'CE9206333E4F022B7C46B6620471EFDB',4701
b'282B70A8D8F602728B475CF3DA354C07',4702
b'F29DD5C30240024B18547CE3A034705C',4703
b'1BE7B264EB3A02354064F5D484B9B161',4704
b'2568599CD5B50210FC834417DE7439A6',4705
b'302D10C8C0F00263C8CDCF4089974504',4706
b'968472526659027821770400715140D0',4707
b'4833A729B8EE02A76FF4B349B4EF790B',4708
b'C410671B34CD02D6242D2027310FF09A',4709
b'86805B12765D021751866624EA3F74D2',4710
b'DC16F67B2CCB02F203ECC31CA9008C99',4711
b'1967D26CE9BA02A68FCCA027CBFB8621',4712
b'3C2E88F8CCF302E2D9E6BA3C51958585',4713
b'F69C3CD3064102C44B098B74141DF5DC',4714
b'928572426258028210B88C4514C76A50',4715
b'2D6AB1BCDDB702146167ADFE2EE0E8A7',4716
b'C3D15707330C02AE49411F14A664557A',4717
b'F29D5CC30240028713CE32EACC912A5C',4718
b'52B55E41A268020E151CC4E7FD298548',4719
b'0AA32320FA7E02A0C3439A4B94707C43',4720
b'FC1E44FB0CC302669447DEC92320749D',4721
b'C9530F2F398E02343A1FDADCECA7163B',4722
b'C690F713364D02D8A9A28AE9250219DA',4723
b'797F34ED89A202E2047F15775119222D',4724
b'76BCCCD1866102CD85DA32A9AC9745CC',4725
b'03E18304F33C022D5DCC237C89CA4D62',4726
b'33ED88C4C330028FD66482B88A9E3564',4727
b'B80F48EA48D202E8D5C2FCA41B4B3F15',4728
b'4031CF09B0EC02DD5C89AB811FAD3C0A',4729
b'C9534F2F398E02EF560B0E21165FDE3B',4730
b'4D720F3DBDAF02B90FCCA7BB1A2B0FAB',4731
b'98076A6A68DA02F2D2CB9262872FD911',4732
b'52B5CE41A268021D538556E52704BE48',4733
b'22A9D180D2740256811013D5172C0146',4734
b'A7C88196571502BE725D83ED91190AF6',4735
b'6C3AC2B99CE702F34DE273B21F21B28F',4736
b'703D0BC980E00262ACB597D7065DC80C',4737
b'DD56C97F2D8B029677F085C7C77B33B9',4738
b'BE8EF7F24E5302E80D63CA9821F06AD5',4739
b'4171300DB1AC028017549B73BB6DAA2A',4740
b'32AD0FC0C27002C4439611BB058E9544',4741
b'96845D52665902D462D0E6083411C8D0',4742
b'FD5EE3FF0D83022DD2B57C3FC264D9BD',4743
b'6D7A92BD9DA702E437B6B1614809B1AF',4744
b'CA93E0233A4E0265078C450C0BBEBB5B',4745
b'2D6A86BCDDB702A2193A5159A37A22A7',4746
b'64381A9994E502839D2BC28F6D6B978E',4747
b'F7DC1BD70701027DA44310F167F04AFC',4748
b'FC1EA3FB0CC302F6212EEE86ED743A9D',4749
b'F48C85E10D130218814DB617A146D79C',7001
b'FDCE0DC5045102D3604E1B697DC4DFBD',7002
b'DF46274D26D9026F168126AAF5A06AF9',7003
b'D5C4BF652C5B02C3B46BFFF18C0663B8',7004
b'AC9A2080550502265BE636B4ACE3D797',7005
b'B75C89EC4EC3028183668021BBC8F2F4',7006
b'8A135218738C02EFE4B2499B47490E53',7007
b'BE1EE8C8478102FE544FABE5EE581CD5',7008
b'20B909B2D92602D53B9B012C0EFD3106',7009
b'377C60EECEE30207CB3FB43EAB1A67E4',7010
b'EDCAC585145502209C38D29B9F6655BF',7011
b'C0812F31391E02878F891BCA3F27771A',7012
b'5DE6FE47A4790215D519BC258D5B0EA9',7013
b'F20D1CF90B92028ABAEE4168C316E65C',7014
b'0E32DB0AF7AD02DCCFE80FC5ADF19DC3',7015
b'94940A606D0B02CA08AE896469953690',7016
b'2B7BF99ED2E402BD1426695A2205DD67',7017
b'90955A70690A021DDF85DFCA88875610',7018
b'BF5EA0CC46C102B6D09585BEBCCBF2F5',7019
b'A89BE99051040270CC42C6EA2914B717',7020
b'16340A6AEFAB027B1C8E6F0743AD2EC0',7021
b'08B3F312F12C02311DBBDF2D1F50EA03',7022
b'C48037213D1F02D497FFD9B2E8646C9A',7023
b'8A132B18738C026995E5E677E59FE053',7024
b'7E2E6CCB87B102BB644AE1CE643860CD',7025
b'5624F66BAFBB0207EE7383210F25AEC8',7026
b'2E3A798AD7A5026D1072FDFA095487C7',7027
b'2CBA6182D5250227B65E097A42BA8687',7028
b'B49CE0E04D03021B367DFD54CAE3F194',7029
b'B49CF8E04D0302D4CA53A7C969007394',7030
b'1DF66A46E46902FEB5FE41705DE337A1',7031
b'74AC84E38D33025002ED163DCA7E668C',7032
b'CDC21705345D02BEECE5E957477508BB',7033
b'B5DC88E44C4302D233E8CF3E38E568B4',7034
b'E48895A11D17028407D9D8E0DB9C309E',7035
b'5DE63647A47902E52EA140972AEF28A9',7036
b'2DFA3986D465027AC9098B8171217EA7',7037
b'25F8A1A6DC67020A14126DE11700B1A6',7038
b'88937310710C027C5A130C0277424C13',7039
b'F34D3BFD0AD202C0A4914A719A8C3F7C',7040
