b'6DB4F6B1203E0265A061DB9C198FB2AF',-51,2025-03-11 22:25:16
b'16A48350E67902165E5DF90012BDFAC0',-56,2025-03-11 22:49:53
b'380EA6E8C8F2027D1720E2208CDFDE05',-57,2025-03-12 01:47:11
b'53D46F45E7D202460F8158E32FBC3F68',-57,2025-03-12 01:47:27
b'F96E4ED5005002B1A8251149DD93313D',-60,2025-03-12 01:47:42
b'9EA73E722AA102BB2CA936540658BBD1',-51,2025-03-12 02:29:47
b'A3E8A0BC5AC602CE09214ED009847976',-57,2025-03-12 03:04:39
b'E4395DA11D17025816BDC5E8B20C0C9E',-60,2025-03-12 03:13:21
b'30395DFA831C0980000AFEFF',-58,2025-03-12 03:20:35
b'73DC98C5C7DA02C0EED8A7988435D06C',-56,2025-03-12 03:23:22
b'E429FC9B14C502C14824182A4FD13D9E',-57,2025-03-12 03:46:56
b'3FCFB5F4CF3302E63F48E63A972EFEE5',-60,2025-03-12 03:54:14
b'DBF6515D22D802FB411221E4BD3C7079',-57,2025-03-12 04:02:31
b'E82AF791111402AD3E12BF54E2C5AB1F',-56,2025-03-12 04:03:36
b'52943A41E69202CC454F1B56883CB148',-57,2025-03-12 04:19:48
b'B02CA7CA40D0025E9D0F6711818E9314',-60,2025-03-12 04:26:22
b'B42DDFDA44D1021973558AF8548DDA94',-58,2025-03-12 04:36:20
b'EABAF0A3C99A02F32E9A11DAEA73025F',-57,2025-03-12 05:29:25
b'A4398A9A102F02483E1C5E5BA7615C96',-60,2025-03-12 05:29:54
b'EBFA0C9D12D4026988DAF60145B1397F',-58,2025-03-12 05:47:25
b'EEBBBAB31E47023E11C64AE971265FDF',-56,2025-03-12 05:49:58
b'1A96935AE3A802AD3234F30C50D69B41',-57,2025-03-12 05:57:15
b'6D5BCF879475027EA021E9B7474F71AF',-57,2025-03-12 06:00:19
b'FABEEAE30A4202EE978EF42DA9A4615D',-53,2025-03-12 06:07:48
b'CEB321333E4F02EE645A2680963F86DB',-58,2025-03-12 06:08:26
b'269968AADFA702156AFE109EFD3484C6',-57,2025-03-12 06:10:52
b'C3F0F207E0D0020797DEBCED78D0067A',-56,2025-03-12 06:18:12
b'354DA6DCC5B102D52135B4A9EE6162A4',-57,2025-03-12 06:21:35
b'CFF361373F0F02F6950750FA56E461FB',-53,2025-03-12 06:30:42
b'82B0100236A60291B6007ABE41F0A552',-58,2025-03-12 06:41:31
b'0D53B83CB94502B6A811BBA9C5269FA3',-51,2025-03-12 06:42:53
b'23C8B8BEDAE6022D1CEE580FC0E53B66',-57,2025-03-12 06:55:47
b'1E87334AE7A902D8891CA969D471C1C1',-56,2025-03-12 06:58:10
b'A0281EB05906028717B16552456E0316',-57,2025-03-12 07:17:37
b'6BDA6FA5DFDC02EAEF0257393AD2BE6F',-60,2025-03-12 07:18:44
b'6E9B468B97B502BFF02A92F540EAF5CF',-53,2025-03-12 07:22:25
b'FABE44D90390027D62B6C5F37CEA045D',-51,2025-03-12 07:24:21
b'4812C029B8EE02B2DD138F9DEE90B20B',-60,2025-03-12 07:25:30
b'81608F0E356602D19D1AC75B51E90632',-58,2025-03-12 07:26:11
b'A579BA9E116F0299E6E33D2795BE6CB6',-51,2025-03-12 07:26:15
b'DBF64E5D22D802A4124AB0FAFF9D5779',-57,2025-03-12 07:37:46
b'18067868AC000281C4BD95250E44E701',-56,2025-03-12 07:39:53
b'2BCA4C9ED2E402E370D696D0BF24DA67',-57,2025-03-12 07:42:25
b'30396062C391D540000C2296',-57,2025-03-12 07:43:55
b'FD7FE1FF0D8302954FEAC9E3E3A00CBD',-60,2025-03-12 07:48:42
b'54158C59E01302B1773295E458BC4188',-58,2025-03-12 07:48:29
b'9C27CA40650902BDF8E7AE6BF2ED6291',-57,2025-03-12 07:57:20
b'369DAAEACFA302BC3DE48A0F5B7A01C4',-56,2025-03-12 07:57:27
b'D034D84B20C8025A1145D7896513FE18',-57,2025-03-12 07:57:48
b'C7F10C2D3EDF024DEE24487F31B888FA',-51,2025-03-12 08:05:27
b'97F5986C6ECB024DE30AC3D6382CD1F0',-57,2025-03-12 08:05:51
b'F57DF7E50C53023490DDF1EC957605BC',-57,2025-03-12 08:06:18
b'5BD6CF5FA2F80277C390780722C5BC69',-60,2025-03-12 08:06:38
b'BD7F52C4444102D5245FDC7678412BB5',-57,2025-03-12 08:09:23
b'E038298B543E029B46457248462E9D1E',-57,2025-03-12 08:10:21
b'CAB23D19339C02A529971EFD9CEA3A5B',-60,2025-03-12 08:25:34
b'755D2ADD85A1028979D0A60D929E3BAC',-58,2025-03-12 08:25:31
b'5FD7234FA6F9027FA9787C017D5C0EE9',-51,2025-03-12 08:27:13
b'44011D19B4ED0246CC7EA3834A74B58A',-57,2025-03-12 08:39:33
b'E038D5B119160206BE9A904C5E06521E',-53,2025-03-12 08:40:24
b'6A9A99A1DE9C0278F14BFC297E09AD4F',-51,2025-03-12 08:46:22
b'A569D2A45C470283F8B507A18B2F2AB6',-57,2025-03-12 08:46:55
b'37CDB9EECEE302C1703639A252FF76E4',-60,2025-03-12 08:50:22
b'8962BA2E3D64026DFB1F5F990BF4D133',-58,2025-03-12 08:51:22
b'3039606283B67A40000B8378',-57,2025-03-12 08:51:38
b'294BDAACD9B6026FBFC0A21505AC3227',-57,2025-03-12 08:52:37
b'7FDF59F55CFF02653130756A85AABCED',-60,2025-03-12 08:55:33
b'6699109145B9021BE8E120A69573B7CE',-53,2025-03-12 08:58:17
b'56942251A6690249823726E27FC0BEC8',-58,2025-03-12 08:58:49
b'2688C390D675029D5343B50854205DC6',-51,2025-03-12 08:58:41
b'9194364E619802C5B93F22EC306C1230',-57,2025-03-12 09:00:48
b'5A977661AA6A02E709734C4955E97949',-57,2025-03-12 09:02:25
b'CD83533F3D8F02F6C1F3F21A32D910BB',-60,2025-03-12 09:02:46
b'DD76857F2D8B02A795FB5CD7BA98D0B9',-51,2025-03-12 09:06:26
b'DEB70E49279902F13A2E93F9B8F313D9',-57,2025-03-12 09:06:24
b'EB0ACBA71B06023623FEB130C95D297F',-56,2025-03-12 09:06:50
b'E3F99687130402D5BF1F1B6C230B717E',-57,2025-03-12 09:08:26
b'43D12F05B32C0216669FBE1EBAF86D6A',-60,2025-03-12 09:08:28
b'24197B98900F0297755797F9CAD3C486',-53,2025-03-12 09:09:19
b'D0241F71291A0291F02BE411E9AB1318',-57,2025-03-12 09:09:18
b'49A2132DB9AE023417CFC20D6958972B',-57,2025-03-12 09:09:23
b'B65DFCD2465102848A14D1546A4929D4',-60,2025-03-12 09:09:24
b'8AB22218738C02A9BC102EF7FEB22A53',-53,2025-03-12 09:10:41
b'4550571DB5AD0200EF7C0381CF35EBAA',-58,2025-03-12 09:10:33
b'7F2F3AF58F230259E5A26FB16C70A8ED',-56,2025-03-12 09:10:18
b'8EA2E1327E5F02D91768E871DB0875D3',-57,2025-03-12 09:11:51
b'A2A98782525402A90AF8908B47145C56',-60,2025-03-12 09:11:44
b'33CD9DC4C3300250E1CC6F0AB6EF5264',-51,2025-03-12 09:14:46
b'368C8FD0C671020DEE623CBB86D643C4',-57,2025-03-12 09:14:32
b'14042958E4F902050700055500DDB480',-56,2025-03-12 09:16:18
b'D6B519532649023B835D7E7BB5F5A1D8',-57,2025-03-12 09:17:40
b'94D5BE5A64D902D28ADE24F915F9E890',-56,2025-03-12 09:17:34
b'E83B70AB18C60280D9024C43174A981F',-57,2025-03-12 09:19:31
b'781FB5E988E202C022ECEA8AC5D76A0D',-58,2025-03-12 09:20:41
b'701DE6C980E002A2ED013DA094DAF80C',-57,2025-03-12 09:21:33
b'A258EF8252540218E8AB4AA989C52256',-57,2025-03-12 09:21:28
b'7A6EB1E18A6202770CE100D83AB92A4D',-60,2025-03-12 09:25:32
b'6159598D91A4025358BEDF452F831D2E',-58,2025-03-12 09:27:55
b'2FCA6AB4DF3702AEE348381D980B27E7',-51,2025-03-12 09:27:36
b'92A4B742B184028117825209B6622A50',-57,2025-03-12 09:29:59
b'7FDFE7CF86F102226AEB38B630A603ED',-56,2025-03-12 09:29:44
b'A6A98CA85F87025190D43656E194B4D6',-57,2025-03-12 09:29:39
b'381E4BE88C0802E0463F5ED37B0F2605',-60,2025-03-12 09:30:31
b'D575715F2589021A01DB8B9FB6B6B1B8',-53,2025-03-12 09:32:30
b'40015409B0EC0253065EFC4F20019E0A',-58,2025-03-12 09:32:55
b'0F33B534FF3F02F9DFEA5831738965E3',-51,2025-03-12 09:32:39
b'AEAA69B25E5702BFC7FF9A7765C55BD7',-57,2025-03-12 09:34:48
b'6A9B3FA19A660234F5884DD700E6E14F',-56,2025-03-12 09:34:11
b'0280F100B6860240EEB4DACA452D6642',-57,2025-03-12 09:36:28
b'93143446631802433875EBEF09D61C70',-57,2025-03-12 09:36:20
b'8560031E759D02B6E0D1E605FDED23B2',-56,2025-03-12 09:36:37
b'A429549A54D502B3357775361C755E96',-53,2025-03-12 09:37:36
b'B3EDEAC643100298D6B107E5F9D95B74',-58,2025-03-12 09:37:16
b'3D4EC0FCCDB3022ABF48390775A545A5',-56,2025-03-12 09:38:29
b'54E5A059A4E9021C2AC141AAEB4FFA88',-57,2025-03-12 09:38:43
b'6DAB50BD9DA702E27B67F07AFB17CEAF',-57,2025-03-12 09:39:19
b'AD6A8BBE5D9702747239C1B06E2E71B7',-56,2025-03-12 09:39:34
b'D434325B24C9024A648544350421DC98',-57,2025-03-12 09:39:17
b'5154224DE55202977B68968BE3D33328',-57,2025-03-12 09:39:33
b'BD7EF3FE4D93027F63D281EAED3D22B5',-60,2025-03-12 09:39:40
b'50E40249A0E80254449F66E6BA236608',-53,2025-03-12 09:39:18
b'AEAA00B25E5702F6CEDE96DD8671A2D7',-58,2025-03-12 09:39:50
b'A2584C825254024C56077AE65207A156',-51,2025-03-12 09:40:22
b'BBEF4DE64B1202E847C07D5719A91475',-57,2025-03-12 09:40:27
b'D837AE6B28CA02A7D87912AA1298BB19',-57,2025-03-12 09:40:26
b'55543B5DA5A9021F9E7C32A51FD881A8',-60,2025-03-12 09:40:53
b'1404BD58E4F902506B3C4EDE29352480',-53,2025-03-12 09:40:55
b'52955441A268029E82168E128DD19548',-56,2025-03-12 09:41:42
b'D6B4BB53264902CAF02B9DF5567CF1D8',-57,2025-03-12 09:41:39
b'681B9BA998E602353E192959248DB30F',-53,2025-03-12 09:41:19
b'9595AF5E659902C55276F2DBCDCD82B0',-51,2025-03-12 09:43:37
b'AEABF7B25E5702F8FB71E228580CE2D7',-57,2025-03-12 09:44:15
b'C2B1BC03324C02DD7B47844498FEB25A',-56,2025-03-12 09:44:35
b'3C0FA5F81F2F022E27ACD7BD8481D385',-60,2025-03-12 09:44:34
b'741CC1D984E1029789D84764B4DAD98C',-58,2025-03-12 09:45:47
b'86A03412765D0278FA2D5C3F5BFF04D2',-51,2025-03-12 09:45:13
b'95643E5E65990293B896D55D8A24B1B0',-56,2025-03-12 09:46:15
b'AE5B87B25E5702197E33095C25EC46D7',-57,2025-03-12 09:46:39
b'30395DFA82F8954000450FAF',-53,2025-03-12 09:46:46
b'C6B0E913364D027FE39BCEF0DD194DDA',-58,2025-03-12 09:46:10
b'6418EC9994E502306C8094DEE8FDBC8E',-57,2025-03-12 09:46:32
b'3CFF6EF8CCF30252E647074492A3AC85',-53,2025-03-12 09:46:58
b'6019CE8990E402A2F598FC3674B9C50E',-51,2025-03-12 09:46:58
b'2548D69CD5B502B5EF9AE838233322A6',-56,2025-03-12 09:47:12
b'5554AD5DA5A902DD794869C2D4260FA8',-60,2025-03-12 09:47:52
b'C171FA0F318C028E9D91EAAA5E5E7D3A',-58,2025-03-12 09:47:48
b'9AB6E0622EA0024E749763DAA6875251',-51,2025-03-12 09:48:48
b'D826FF51211802B37FD4670440EDF819',-57,2025-03-12 09:48:27
b'3038D168C2C402000000647F',-60,2025-03-12 09:48:30
b'C4305A1B34CD02567A70582B582A569A',-58,2025-03-12 09:48:30
b'ACDB17BA5CD70272B40234B207E9BA97',-51,2025-03-12 09:48:40
b'2DBB04BCDDB70229D51DA75B7BA8CDA7',-57,2025-03-12 09:48:14
b'6DABE0BD9DA702785EC470B62FCA27AF',-56,2025-03-12 09:48:52
b'A3E980865314029456A8735BCFB87976',-57,2025-03-12 09:49:15
b'BD6ECCFE4D9302B63795ABCFA75DF2B5',-58,2025-03-12 09:49:48
b'64E9CB9994E502DB50C15C5FF1DA8B8E',-51,2025-03-12 09:50:10
b'8AB22918738C024B45A67B85000CEB53',-56,2025-03-12 09:50:56
b'C3F0173D3ADE02427423E6AFB73E6F7A',-57,2025-03-12 09:50:22
b'E96A04AF19860203F047773B8B85063F',-53,2025-03-12 09:51:11
b'50E41049A0E8021701087F65F17D6A08',-58,2025-03-12 09:51:34
b'E2A8B68356BE02C77699989D24C41D5E',-53,2025-03-12 09:51:36
b'C973CC2F398E02AA09FE77A66808453B',-51,2025-03-12 09:51:45
b'0001BB08F0FC02A1D4F2338F5E8F1302',-56,2025-03-12 09:51:31
b'0BC36924FB3E022A843D29F1C364EB63',-60,2025-03-12 09:52:52
b'B82FC9EA48D202A77CFC08F2071DAE15',-53,2025-03-12 09:52:27
b'0BC36C24FB3E02674A34A0D12FCD8863',-58,2025-03-12 09:52:22
b'92A53642625802DF5AD05B5C5A221450',-56,2025-03-12 09:52:43
b'6558479D95A50207DE7E32338C75CFAE',-57,2025-03-12 09:53:15
b'57D44E55A72902D14033E48B6606FCE8',-57,2025-03-12 09:53:45
b'B02D2ECA40D002167CD964BD2FF51E14',-60,2025-03-12 09:54:48
b'66985191966502D473C9F7234E552BCE',-53,2025-03-12 09:54:59
b'EE4BE0B31E4702739C25AF401F6EBCDF',-56,2025-03-12 09:54:37
b'732C89C583200229A08F4B806DD4836C',-57,2025-03-12 09:54:42
b'F24C60C302400205AE4E10E607767A5C',-57,2025-03-12 09:54:48
b'4D52F63DBDAF02E69183E233E8125EAB',-51,2025-03-12 09:55:35
b'12851440E2780287F43AD8CAB26E9940',-57,2025-03-12 09:55:52
b'26880F90D67502F90C8BBB698657A8C6',-56,2025-03-12 09:55:57
b'DBF771672B0A022A9BF340B032EB3779',-57,2025-03-12 09:55:37
b'B8DE2DEA48D2023A29474B7430D1F615',-53,2025-03-12 09:55:28
b'DFE6E5772F0B02E7218D6B3CE7B083F9',-56,2025-03-12 09:56:12
b'CD72033F3D8F02D6CC3B0713ADEC02BB',-60,2025-03-12 09:56:17
b'CEB2A2333E4F0299E77EC8EEC6013ADB',-53,2025-03-12 09:56:38
b'E039AB8B10C4024745D41F5850BD161E',-57,2025-03-12 09:56:51
b'781F99E988E2027354456BC24693240D',-57,2025-03-12 09:56:36
b'18178968E8FA02AA699C0E60C2E2AA01',-57,2025-03-12 09:56:34
b'35BDE4DCC5B102CF12A11C4FD1235EA4',-53,2025-03-12 09:57:32
b'3038D1B80118460000000FA1',-51,2025-03-12 09:57:12
b'B0DC36CA40D002C5200A3158D4A3B614',-57,2025-03-12 09:58:29
b'FEBE63F30E43029835AC6291CA4CAEDD',-57,2025-03-12 09:58:50
b'1BC7CA64EB3A02F8E8FB445102D0C861',-57,2025-03-12 09:58:15
b'F0CCE8CB00C0024BB007011441AD9D1C',-60,2025-03-12 09:58:43
b'695BC3AD99A6022358DA01C279A59A2F',-53,2025-03-12 09:59:14
b'2149F58CD1B4028BD865FFE8D2498926',-51,2025-03-12 09:59:44
b'8D62D33E7D9F023AD4EB7F7604D679B3',-56,2025-03-12 09:59:43
b'50156449A0E80211D04F9A2810420908',-53,2025-03-12 10:01:35
b'F97F2CEF098202A2967D4472A84B153D',-56,2025-03-12 10:01:35
b'C3F18307330C024D3ABA29C6349F477A',-57,2025-03-12 10:02:43
b'71AC09CD81A002C8CB8A361A7193382C',-60,2025-03-12 10:02:41
b'E039E08B10C4029E04DACD94A25CC61E',-56,2025-03-12 10:02:21
b'0FC23D34FF3F02E5F480DF31D7BB50E3',-57,2025-03-12 10:03:56
b'F64DF1D30641020ED91D90153234D0DC',-60,2025-03-12 10:03:11
b'3BCFD8E4CB3202EFDE2EC9AC497F3A65',-58,2025-03-12 10:03:18
b'3CFF55F8CCF302D2B4E83B0B01A60F85',-57,2025-03-12 10:03:20
b'53D5E545A328024A2834303D8F94AA68',-56,2025-03-12 10:03:11
b'1B364C64EB3A02EDF6CBD01EE2EC8361',-57,2025-03-12 10:03:15
b'93E5BB46631802C4E857B4A6E7605970',-60,2025-03-12 10:04:58
b'2D4AF5BCDDB70257874F5134543598A7',-53,2025-03-12 10:04:29
b'B6AC6FD24651021C776232B98E6893D4',-58,2025-03-12 10:04:40
b'9C269B7A6CDB02646DD6CC94FB895E91',-56,2025-03-12 10:05:46
b'BEAE60F24E5302188239F1B54F96E6D5',-57,2025-03-12 10:05:24
b'5555D667AC7B02DCBDFB75191DEB21A8',-57,2025-03-12 10:05:38
b'FCCF81FB0CC30222BE62DC72BF446A9D',-60,2025-03-12 10:06:29
b'4690C011B66D0216560238C5B071E5CA',-58,2025-03-12 10:06:37
b'6C1ADCB99CE7023D0902B7595E7CD58F',-51,2025-03-12 10:06:46
b'C7F01E17370D028FAE60B07E13538CFA',-56,2025-03-12 10:06:40
b'F43CA4DB04C10280E39ACAD8467AE29C',-57,2025-03-12 10:08:10
b'0A938020FA7E02ED4F0225BE1A598243',-60,2025-03-12 10:08:17
b'AD6AF1BE5D9702B972F2F746BCEEDFB7',-53,2025-03-12 10:08:23
b'3A8ECADAC3A002F06F314EA34F36BA45',-58,2025-03-12 10:09:49
b'80208830790E02849C38EA4C86577F12',-51,2025-03-12 10:09:20
b'03C16704F33C02D7952FD96534CD0162',-58,2025-03-12 10:10:12
b'0BC30524FB3E0267660914885D6ECC63',-57,2025-03-12 10:10:29
b'3D4E07FCCDB302BC885E3843004DEDA5',-53,2025-03-12 10:11:18
b'B2AD56C2425002D2461F122F31D98054',-51,2025-03-12 10:11:19
b'25488A9CD5B5029ED47977CF5231B4A6',-57,2025-03-12 10:11:26
b'4F23A135BF2F026CEC54B1F62CCD5DEB',-53,2025-03-12 10:11:39
b'66986E91966502CF2B792FFE45308CCE',-58,2025-03-12 10:12:40
b'C180830F318C02E6D93D2134B146D73A',-56,2025-03-12 10:12:46
b'F3FD86C70300021C1DEC812EA8BB5A7C',-57,2025-03-12 10:13:26
b'2FCA46B4DF3702F90473DAB051BCB1E7',-53,2025-03-12 10:13:50
b'E438289B14C502B1069F1244811A1C9E',-58,2025-03-12 10:13:30
b'C2A12C03324C02D9F9730B17DF6C895A',-51,2025-03-12 10:13:28
b'28FAA4A8D8F602406E2380530A553607',-56,2025-03-12 10:14:30
b'B02D82CA40D00284FFB028268DC18B14',-57,2025-03-12 10:15:50
b'C171BB0F318C02A34EDD6E2D31972B3A',-53,2025-03-12 10:15:54
b'D574635F2589020C133DAFB1DE8115B8',-57,2025-03-12 10:15:12
b'F3FDF9C70300020337721C79C069FE7C',-57,2025-03-12 10:15:36
b'F03D91CB00C00247F77A6CCFBA06C51C',-57,2025-03-12 10:15:59
b'F3FD83C7030002AE8FE7AE42CC41A97C',-58,2025-03-12 10:16:36
b'FD7E4BFF0D8302305A728549EFCF0ABD',-51,2025-03-12 10:17:58
b'F6BC61D306410202C2BDF43E1DA0F2DC',-56,2025-03-12 10:17:13
b'7FDEA3F58F230233B833BB01CC76A4ED',-57,2025-03-12 10:17:58
b'5817C869A8EA02E96B4D253718BA9409',-53,2025-03-12 10:17:37
b'8FE377363BE502DA1502B9E08018B8F3',-57,2025-03-12 10:18:32
b'EEBA81B31E4702A99AFB82282696AADF',-57,2025-03-12 10:19:24
b'FEBEBCF30E4302FD49A509A4E5D589DD',-51,2025-03-12 10:19:36
b'4953ED2DB9AE026AAB8BEE3015E9E22B',-57,2025-03-12 10:19:10
b'60195B8990E4024F1452FCEDDA28720E',-56,2025-03-12 10:19:27
b'FF0F80F70F03021F9C8EB38146AF1AFD',-57,2025-03-12 10:20:21
b'E83A88AB18C602E5D682F3A50DDE5C1F',-57,2025-03-12 10:20:16
b'9D66427E6D9B02A7A17F98B80CECCFB1',-53,2025-03-12 10:21:44
b'B2ADABC2425002CDCEDC10A2DB891C54',-58,2025-03-12 10:21:43
b'4802AD29FC1402F0EC1FB0BD94E61D0B',-51,2025-03-12 10:22:57
b'369C23D0C671028E8AAF2AB2252D92C4',-57,2025-03-12 10:22:14
b'E568669F1585023442AD623C9256E2BE',-60,2025-03-12 10:22:25
b'3BCF57E4CB3202F4689B5A6D15A07C65',-53,2025-03-12 10:22:22
b'FD7F5BFF0D830225FF712E1A6D6875BD',-58,2025-03-12 10:24:59
b'2D4A7BBCDDB702F34EF7186971BA7DA7',-60,2025-03-12 10:24:33
b'0141CA0CF1BC02DE0945DF8CA8698C22',-53,2025-03-12 10:25:33
b'E4387D9B14C50249C03512BDF29FD29E',-58,2025-03-12 10:25:29
b'CEB2AA333E4F02B7B46DA36F8E9867DB',-56,2025-03-12 10:26:59
b'8EA2F4327E5F023CCBB40956AA261CD3',-57,2025-03-12 10:26:31
b'AEAB47B25E5702213017D73F7F8EA1D7',-56,2025-03-12 10:28:23
b'C8C2E32B38CE02C24A93D2220FFF681B',-57,2025-03-12 10:28:54
b'AD6AF3BE5D9702AAE53741324A8BCDB7',-57,2025-03-12 10:28:38
b'2149FD8CD1B402CFA11F504284E53926',-53,2025-03-12 10:29:43
b'B25CDEC24250024983464E7851CC8054',-58,2025-03-12 10:29:35
b'BD6E3BFE4D9302E301F90DA057523CB5',-57,2025-03-12 10:30:48
b'0A83AA20FA7E0261EEA32100BD384843',-57,2025-03-12 10:30:25
b'F58DE9DF058102D40EAE1A48AB4141BC',-51,2025-03-12 10:31:49
b'327C2CC0C27002EB83AB89DA1D05DF44',-57,2025-03-12 10:32:15
b'6159D18D91A402618EA196C75263382E',-57,2025-03-12 10:32:31
b'7B2EF0E58B22020C3008F885BD762C6D',-60,2025-03-12 10:32:44
b'47D03F15B72D02528B018CBAF94730EA',-53,2025-03-12 10:32:27
b'E2B99883124402D6F02C8DF70366445E',-57,2025-03-12 10:33:36
b'B7ED42EC4EC30210F8D4AE4ECC3917F4',-57,2025-03-12 10:34:40
b'24F9C798D4F502848E0BAC551B2B2C86',-60,2025-03-12 10:37:57
b'E5785B9F1585025F67495EFA4E6B7EBE',-53,2025-03-12 10:37:28
b'55546F5DA5A9024DBB7E5EC19215E8A8',-51,2025-03-12 10:39:51
b'314DB0CCC1B002C303CD184E3D124224',-57,2025-03-12 10:39:34
b'03C14204F33C02D1E106A9FBD4A81462',-57,2025-03-12 10:40:40
b'4550EC1DB5AD0204A57968A56B30F5AA',-60,2025-03-12 10:41:17
b'EDEA26BFCE5B02AAC61F21BCBD2837BF',-51,2025-03-12 10:41:10
b'3E8E12F0CE730299D2C29DF1685673C5',-57,2025-03-12 10:42:19
b'F6BD78D342BB0253994A5C27E50747DC',-56,2025-03-12 10:44:43
b'C0303A0B30CC029F19E3AEB9BC84301A',-57,2025-03-12 10:44:47
b'60E8A88990E402E302894BE13E51370E',-53,2025-03-12 10:45:11
b'ECCB88BB1CC70273B0A03C5F4435F99F',-58,2025-03-12 10:46:48
b'1285DE40E27802CD742A134558450C40',-51,2025-03-12 10:46:19
b'3D4E92FCCDB30214876C8E41AD1FA6A5',-56,2025-03-12 10:46:10
b'52954541A268021E155A48D6DC663B48',-57,2025-03-12 10:47:42
b'294BD6ACD9B602F24C569981B7057227',-60,2025-03-12 10:47:21
b'3038D1668200B200000088D5',-53,2025-03-12 10:47:32
b'681B6EA998E602ABD9CA85EE6D9EAD0F',-57,2025-03-12 10:47:38
b'8BE3C2267B1E02AD0635C17894AFB273',-57,2025-03-12 10:48:11
b'83E11206731C02D235CD4C927EEC3872',-53,2025-03-12 10:48:34
b'333C44C4C330024058E69EB044E34C64',-58,2025-03-12 10:48:58
b'77DCD8D587210242AEBEA98693B51CEC',-51,2025-03-12 10:48:38
b'AD7A92BE5D9702A2E558C55F02C233B7',-57,2025-03-12 10:48:50
b'B02DD6CA40D002078B2B0477BBD6EF14',-56,2025-03-12 10:48:13
b'1E772670EE7B02B4342C8D2949D77BC1',-51,2025-03-12 10:49:45
b'681B9FA998E6023C28D62A481B24E30F',-56,2025-03-12 10:49:51
b'03301704F33C022881A521D600356662',-60,2025-03-12 10:49:43
b'FB0E0AE70B02028FC0203A73FD0C817D',-58,2025-03-12 10:50:28
b'90D4274A60D802CF717851B4F1DFDB10',-57,2025-03-12 10:51:58
b'C2A02E393B9E024FFB8BAB398A1DAD5A',-57,2025-03-12 10:52:45
b'E3F84B871304022F67003807CEEFD17E',-53,2025-03-12 10:53:32
b'23C82484D334021C334922ADB7A31666',-51,2025-03-12 10:54:29
b'8561E71E31670289FE010C1EE565E8B2',-56,2025-03-12 10:54:13
b'1A96E960AE8002F19057A0BA543F2B41',-57,2025-03-12 10:54:21
b'768D05EB8FB3023ACE0F0F07A2E3DCCC',-60,2025-03-12 10:55:11
b'5AE7336179B602AD32A229EC1CF47749',-53,2025-03-12 10:56:28
b'8962FB14704C0285C807EC1A48F97233',-58,2025-03-12 10:57:31
b'5FD61C75AF2B02AE17BD097F98FF36E9',-57,2025-03-12 10:58:52
b'0F4295342CE302BCF3FEE0B5EBDDB6E3',-57,2025-03-12 10:58:34
b'3D4E21FCCDB302D1BCDCB4EB44526FA5',-57,2025-03-12 10:59:44
b'92A40442625802D3D13FF9DDE030C450',-60,2025-03-12 11:00:29
b'60E8C88990E4021AEE3F6AE5D38BE60E',-51,2025-03-12 11:00:46
b'BD6FCAC444410267E330470859132FB5',-57,2025-03-12 11:00:24
b'27B87E9404E9027F887E8F444A5384E6',-60,2025-03-12 11:00:52
b'A7E8E6965715023C7BD63C3652D625F6',-53,2025-03-12 11:02:14
b'B91FAFEE9A4E0262375D061EDD843D35',-51,2025-03-12 11:02:46
b'9BF789666B1A02BF99650FC054EA8771',-57,2025-03-12 11:03:35
b'0D43EB06F46D02319159C579F44D81A3',-60,2025-03-12 11:03:46
b'B4DDC5DA44D1020B5855416394405494',-58,2025-03-12 11:05:56
b'8420DA1A74DD0213CA158BAD0DE98492',-51,2025-03-12 11:05:32
b'65A9999D95A502531F1E19D9680A4FAE',-51,2025-03-12 11:05:47
b'F7FCE2D7070102C971FE4C05A99A43FC',-57,2025-03-12 11:05:10
b'E8CA61AB18C602FB8D28EEC6A094331F',-56,2025-03-12 11:05:57
b'F4CD89DB04C102599D29D501E969509C',-57,2025-03-12 11:05:35
b'0540401CF5BD02774A336C5D2CDEDBA2',-60,2025-03-12 11:05:48
b'F2BD19C30240021CD23BA5E33642575C',-53,2025-03-12 11:05:16
b'A569579E55950245C7DDC1A782370EB6',-58,2025-03-12 11:07:40
b'06806610F67D024C3472BEF881B041C2',-57,2025-03-12 11:10:24
b'54E53B59A4E902CB8BAA9F4F4C7ED188',-57,2025-03-12 11:11:55
b'7C9EBBF95F3F02B163BA7E13F7E7928D',-60,2025-03-12 11:12:18
b'C570441F358D024F43862F7BD82532BA',-58,2025-03-12 11:13:44
b'39CF39EC1A6E02396F43C9FB37BEBE25',-51,2025-03-12 11:15:13
b'93E534466318028FACDB2E636F36D470',-57,2025-03-12 11:15:52
b'4750261564F10251FAB21186E3DA41EA',-53,2025-03-12 11:16:21
b'761C69D155BD028EED24BD30DE90F9CC',-58,2025-03-12 11:17:45
b'B91F5CEE9A4E027C863995D9CCEC2835',-51,2025-03-12 11:18:57
b'F03C73CB00C0029E3BA3A7D2065CDA1C',-57,2025-03-12 11:19:52
b'C3712B07E0D0025884466DEE12E80A7A',-57,2025-03-12 11:22:34
b'5264B041A2680249AEFFA76C9DC7C348',-57,2025-03-12 11:25:55
b'0006007100001A00',-57,2025-03-12 11:25:19
b'76EC43D155BD029968CC4B1B524FD7CC',-57,2025-03-12 11:25:28
b'4D22593D6E730211826703C49801FBAB',-60,2025-03-12 11:25:12
b'2278FD80D274022A17A2E562D0CBC546',-53,2025-03-12 11:26:15
b'7FDE83F58F2302E0CB58766C207D08ED',-56,2025-03-12 11:26:54
b'A9FB93AE8A4A02746D3F5126DE482F37',-57,2025-03-12 11:26:24
b'26085E9005A902C4E2E53531D7B5AEC6',-60,2025-03-12 11:27:33
b'43518A0560F002D5DDAAF4A43328A36A',-53,2025-03-12 11:27:28
b'55D4B35D7675025EF37730745E21CAA8',-57,2025-03-12 11:27:46
b'AC3BBABA182D027D6129230FDDD2F397',-57,2025-03-12 11:27:49
b'2298CBBADBA6021A1911F89EEE7E1546',-53,2025-03-12 11:27:55
b'7E9FC3CB87B102B971EE361ECEFBA3CD',-60,2025-03-12 11:27:29
b'2CFB9CB8DCF7022B9ECF041C23F42A87',-53,2025-03-12 11:27:47
b'C7F18C2D3EDF02DD2781C92B8E1F39FA',-57,2025-03-12 11:28:26
b'FFEFC5CD06D1029C3D65972E2409D8FD',-60,2025-03-12 11:28:21
b'9F96C576BCC70238FEA06F3A13C167F1',-57,2025-03-12 11:28:55
b'E1891385785402C5E4086270172D943E',-57,2025-03-12 11:29:49
b'C780B817E4D102C2544D42EF87BFD4FA',-57,2025-03-12 11:29:50
b'3C0EFBF8CCF3021453140880E2DFAF85',-56,2025-03-12 11:30:50
b'B0DD3CC0290002A69F125154CCF4E914',-57,2025-03-12 11:30:44
b'B85F4DEA9B0E02B83E52F307D40C6A15',-60,2025-03-12 11:31:59
b'4291BB01B26C02D0057CAC9A1318644A',-58,2025-03-12 11:31:24
b'FCBEABFBDF1F0270E2CCB65EA407809D',-57,2025-03-12 11:32:40
b'F0AD8FCBD31C02033CF4DD82AD03AB1C',-53,2025-03-12 11:33:32
b'2758139404E90253C9D5A54C427ACCE6',-58,2025-03-12 11:33:22
b'67D99CAF9EF7021AA5AFDCBD99551EEE',-51,2025-03-12 11:35:45
b'F0BDDCCBD31C02896A6F0238A2E92F1C',-56,2025-03-12 11:35:28
b'CF72C737ECD3029D1A2504D7730334FB',-57,2025-03-12 11:35:50
b'3F4E7FF41CEF02F8B0F9922CB5C337E5',-58,2025-03-12 11:35:57
b'A3E8B48680C80259E56D11399BA2B676',-57,2025-03-12 11:35:37
b'88B3A12AAB020202E19FE5C6CAC50E13',-56,2025-03-12 11:36:42
b'08B3F312F12C02311DBBDF2D1F50EA03',-57,2025-03-12 11:36:43
b'30395DFA83125F412CD2F874',-57,2025-03-12 11:37:17
b'61D9FE8D427802DC8C08FC19B556E82E',-57,2025-03-12 11:37:34
b'84212D1A74DD029FF170327F491E7892',-60,2025-03-12 11:37:57
b'D784C357F4D502920A4717F15C2CE8F8',-53,2025-03-12 11:38:10
b'F2BD58C302400283E2750F8F69436F5C',-58,2025-03-12 11:38:53
b'C9722615305C027DAC182CD77010F13B',-56,2025-03-12 11:39:24
b'95E4335EB64502DFF7CB2C386792AAB0',-60,2025-03-12 11:40:12
b'EDCAC585145502209C38D29B9F6655BF',-53,2025-03-12 11:40:49
b'353C26DC166D0252DAB02D666631EBA4',-58,2025-03-12 11:40:35
b'F17D33CF018002E5BD052A360DAC563C',-57,2025-03-12 11:41:47
b'99E7D96EBA460223C0772CB38C5BAE31',-57,2025-03-12 11:41:24
b'1B47C46438E6022F04C77E9A391A4E61',-57,2025-03-12 11:41:42
b'A028F6B05906028769143E589679A516',-60,2025-03-12 11:41:34
b'6018EB8990E40217CDCF2D6F9660880E',-57,2025-03-12 11:41:57
b'9435B95A2023029B6A7FA58298AC9B90',-57,2025-03-12 11:42:16
b'6BDA20A548FA0267DC7B921C0DE4666F',-60,2025-03-12 11:42:34
b'6129388D4278020FDCB997AB31DF382E',-51,2025-03-12 11:42:22
b'DF760877FCD702A5296D98950A88D4F9',-57,2025-03-12 11:43:28
b'47D0C615B72D0259AC91D40F859033EA',-60,2025-03-12 11:44:14
b'85F0201EA64102126B63F95759BCBAB2',-53,2025-03-12 11:44:16
b'B2AC41F84B820203BFB9711654C6D954',-51,2025-03-12 11:45:51
b'67D9EFAF9EF7025969CC5665306946EE',-57,2025-03-12 11:46:48
b'27B8FD9404E902CEE851E1E7F17FA3E6',-60,2025-03-12 11:47:14
b'B0AD5ECA930C02430BDE13D6E118FB14',-53,2025-03-12 11:49:28
b'5D574647A47902E1BC9C8DFF63DB9AA9',-58,2025-03-12 11:49:57
b'1205A54031A4025F632A1E8B9A80B940',-51,2025-03-12 11:50:45
b'1B372C6E82EA02B288C51DE2A417F261',-56,2025-03-12 11:50:24
b'17B4CE5434E50298A5B7636F297D7DE0',-57,2025-03-12 11:51:15
b'E508E99FC65902F37F2EB00A13DD95BE',-60,2025-03-12 11:51:18
b'1144DE4CA54202274AD6BFEC7F54A420',-51,2025-03-12 11:51:24
b'09C3352C2A62027148721E916C611523',-57,2025-03-12 11:51:11
b'A6A9A1A85F870253BE40D204EBF4FDD6',-57,2025-03-12 11:52:30
b'8DF2483EAE4302EDF701D7CD81F3D0B3',-60,2025-03-12 11:53:33
b'749CEAD9573D028BC2FBD3F339CC918C',-57,2025-03-12 11:53:52
b'2A0B3DA009AA02E0B261484BE546CB47',-57,2025-03-12 11:54:47
b'B4BCFADA970D0232EAA4C26F678CCF94',-60,2025-03-12 11:55:40
b'E4B88D9BC7190251D1868C1AA43BDC9E',-53,2025-03-12 11:56:28
b'1B37226E82EA02245A3C1B0B5A367161',-58,2025-03-12 11:58:48
b'DAB4C4592398024FDAFD8F8FF4D74459',-51,2025-03-12 11:58:24
b'C0C10701591C02C28D71CF7C70B8401A',-53,2025-03-12 11:59:34
b'D2359743F1940203D0D00C03BD58F858',-51,2025-03-12 11:59:52
b'F22D3EC3D19C0211D84E08642754B05C',-57,2025-03-12 11:59:19
b'0C13EA02F52D02F209B747BAB0B0D983',-60,2025-03-12 12:01:57
b'360C47D015AD0284C24B9B74983E16C4',-53,2025-03-12 12:02:33
b'6608DF9145B90212F90438C84D63AACE',-58,2025-03-12 12:02:50
b'AB6BC7A688CA027DA1D53AA352056377',-57,2025-03-12 12:04:19
b'55D4585D7675028817E17CD1D7FE3AA8',-60,2025-03-12 12:04:29
b'4D22483D6E7302E108507CF669FDE7AB',-58,2025-03-12 12:04:29
b'6C9A45B94F3B02EAE3ED5B6E0F987F8F',-51,2025-03-12 12:04:39
b'03B1830420E00256A629BC1227D43662',-57,2025-03-12 12:04:30
b'16340A6AEFAB027B1C8E6F0743AD2EC0',-57,2025-03-12 12:04:31
b'90B5604AB30402547986C895D5B16D10',-60,2025-03-12 12:06:14
b'0E02C8302DA302B28D35D38596C532C3',-53,2025-03-12 12:07:53
b'D2255443F1940249C9A16D1264CC3458',-58,2025-03-12 12:07:16
b'A9EB9BAE8A4A02BCCED30DEAB0B7B137',-56,2025-03-12 12:07:46
b'2AFBA5A009AA023108D4083CE64E4147',-57,2025-03-12 12:07:32
b'B77C73D694CD024638844D85B16F9CF4',-51,2025-03-12 12:08:11
b'8AB2E9223EA40260B5C1405C4D177C53',-56,2025-03-12 12:08:46
b'8DE2D23EAE43027C369BFDE83109D5B3',-58,2025-03-12 12:09:33
b'83711906A0C002CF703DAFD111200772',-57,2025-03-12 12:09:47
b'5927006D7A76022AAF41637B3F982329',-60,2025-03-12 12:10:18
b'E90B3BAFCA5A02ED807C57F47FA2CE3F',-58,2025-03-12 12:10:48
b'69DB53AD4A7A02815336B9D915AD072F',-53,2025-03-12 12:10:46
b'04808F18272102C344FB5266DAD91982',-58,2025-03-12 12:12:13
b'E5F8F69FC659029F9ACD51E24971EFBE',-57,2025-03-12 12:13:13
b'9BE4F85C62C8027F821309D8CD5C9871',-56,2025-03-12 12:14:38
b'67D992AF9EF702D03644CD510DE977EE',-57,2025-03-12 12:15:53
b'E239D183C198022953E804A18D44695E',-60,2025-03-12 12:16:28
b'52655F4BCBB802D2276E2FF76E0E3448',-58,2025-03-12 12:17:16
b'1545075C3665025AF19691CF18FD99A0',-51,2025-03-12 12:18:40
b'4480951967310254C26A75E7B04DCA8A',-57,2025-03-12 12:18:35
b'8A234722A982026A7B573913CE929053',-60,2025-03-12 12:19:10
b'1205834031A402699EFBF8DB4F711740',-53,2025-03-12 12:19:58
b'32FDF0C011AC029D0FE9376052B0CB44',-57,2025-03-12 12:19:49
b'A369C28680C802970EB3677AE5085B76',-56,2025-03-12 12:19:58
b'5C072D79E81102A12E6E5B7E5A163989',-57,2025-03-12 12:20:40
b'D8C7A861411A02C2BDD79EAB9A29E419',-57,2025-03-12 12:21:52
b'8F123E3C16CF02F601A5E89CC6BD5CF3',-60,2025-03-12 12:21:39
b'B22DF3C2918C020464BFDF85241C4954',-53,2025-03-12 12:21:12
b'B62C37D2958D020D1879BC8055D7F2D4',-51,2025-03-12 12:22:27
b'B22D5AC2918C02C237B6506C9AD56D54',-57,2025-03-12 12:22:37
b'49C3162D6A7202EA07B8165818D23F2B',-56,2025-03-12 12:22:13
b'A059578A830802903E693A4A87D90116',-60,2025-03-12 12:24:41
b'374CFAD414ED0216CBDC45626966C2E4',-53,2025-03-12 12:25:58
b'5C96C1797F370293AE7A04A392A2AD89',-56,2025-03-12 12:26:52
b'377C60EECEE30207CB3FB43EAB1A67E4',-60,2025-03-12 12:27:24
b'9F96AD76BCC702A57CA31111C51243F1',-53,2025-03-12 12:27:34
b'BA2F3EE2998E02A1312F491833E62255',-58,2025-03-12 12:29:49
b'746CA9D9573D02C1B7295AC1FBADD78C',-51,2025-03-12 12:29:55
b'F23D27C3D19C02460B398EEABB59D35C',-57,2025-03-12 12:30:55
b'393F7EEC1A6E02EA10358E0959D86E25',-53,2025-03-12 12:30:12
b'95E4265EB64502C02B0D3EF9B66F45B0',-57,2025-03-12 12:30:22
b'314E4AF6C862029BE387A9C6F1B1FE24',-56,2025-03-12 12:30:50
b'088385282B2202A692280BF663698303',-57,2025-03-12 12:31:20
b'5614FD5175B502CE406267D952FA93C8',-60,2025-03-12 12:31:38
b'9CA6A47ABF070231BCF496377C11AE91',-53,2025-03-12 12:31:25
b'E98B81A57056024793A60382529B1D3F',-51,2025-03-12 12:32:33
b'B8AFF0EA9B0E027DFF404E0B11672E15',-57,2025-03-12 12:33:46
b'C381F707E0D00242722F35E14EFEBE7A',-57,2025-03-12 12:34:36
b'DF66A477FCD702237BDB916D54624FF9',-60,2025-03-12 12:35:45
b'26088C9005A9021B79EDC0248E6D51C6',-53,2025-03-12 12:36:55
b'314C09CC854A02CF85E29B2D2CB0B224',-58,2025-03-12 12:37:43
b'313DCFCC126C0287AD1AD25C3470CC24',-51,2025-03-12 12:39:51
b'30FD9FC2A92002DCE205A6B347A49304',-57,2025-03-12 12:40:29
b'D3758647F0D4024095A739D3C483DB78',-57,2025-03-12 12:41:24
b'4091AF096330020BA600CE2BA31A920A',-57,2025-03-12 12:41:50
b'B36DE7C690CC0203D272A33C1719D674',-60,2025-03-12 12:45:10
b'58970B697B360234302595EE521BB409',-53,2025-03-12 12:45:12
b'5417FD53CD39028B9BAA3097AB3BD388',-57,2025-03-12 12:45:40
b'4321100FDAFC02406AAEA727E79D626A',-57,2025-03-12 12:46:11
b'2FBACDB40CEB02396EB740F8016B7EE7',-58,2025-03-12 12:47:23
b'40E11303D93C0295F4E4A2E4AEACD20A',-57,2025-03-12 12:48:25
b'2F4AA6B40CEB02B1F37A705FAFDCB3E7',-60,2025-03-12 12:48:51
b'4923CB2D6A7202E7462CA5A7A70EF52B',-53,2025-03-12 12:50:23
b'42117F0161B002AB91681A3F73902F4A',-51,2025-03-12 12:50:45
b'E189998578540263D9584EA712E0E63E',-56,2025-03-12 12:50:36
b'BCAE78FA9F0F02B6F7090020FFED3D95',-60,2025-03-12 12:51:12
b'60E90283F93402E03CD6E316EFFA680E',-56,2025-03-12 12:52:50
b'4480EC1967310297C943CC31D8F4EC8A',-57,2025-03-12 12:54:41
b'2B4B58A408EA02AF216A6504BCDDDD67',-60,2025-03-12 12:54:20
b'81E1830EA2400285852283E0F0FA0332',-51,2025-03-12 12:54:42
b'02F10D0021A00215069ED5318CB06D42',-56,2025-03-12 12:54:42
b'27CBE29EBEE5024BCCD1B37C704B2EE6',-57,2025-03-12 12:54:54
b'1C058342E5290268FB012CEA7E235A81',-60,2025-03-12 12:54:31
b'3039606283B8D100001E1AE5',-57,2025-03-12 12:54:45
b'B1ED56CE924C02972D1E4FD832693534',-57,2025-03-12 12:55:35
b'DB07E06D42DA02608BF6B9333280AB79',-57,2025-03-12 12:59:47
b'B36D9DC690CC024A2EBA5E639D5DBD74',-53,2025-03-12 12:59:40
b'E1F9C48FC25802864DE2AAB3DCDCBE3E',-57,2025-03-12 13:00:24
b'9DE6147EBE4702276CFE5F5F3E7652B1',-57,2025-03-12 13:00:47
b'2748BE9404E902CC17A5E36D53EAA6E6',-60,2025-03-12 13:00:42
b'C371FC07E0D0020CC4EDD8C3477C3B7A',-53,2025-03-12 13:01:32
b'8F725A36ACC3027F9924E5D52E4C29F3',-51,2025-03-12 13:01:23
b'20F9A982B924020D306AAB10C8404C06',-57,2025-03-12 13:02:12
b'1F5600743CE7023A822E8358DEDFEDE1',-56,2025-03-12 13:02:52
b'31BD46C6A8600297AEEBB9FC052E3F24',-57,2025-03-12 13:02:52
b'712D83CD527C02CACFC5FA50140C092C',-60,2025-03-12 13:05:22
b'6FDBC78F96F50262D2504EBC220CE4EF',-57,2025-03-12 13:06:30
b'AB7BE2A688CA026999B47890DE4EAD77',-56,2025-03-12 13:06:52
b'7A1F77E159BE022104BEFE985DDB284D',-57,2025-03-12 13:06:18
b'BFEF0FCC46C102A18323C85CBABAC6F5',-58,2025-03-12 13:07:44
b'3039606283BEEA00001BFA0A',-53,2025-03-12 13:07:19
b'4750E51564F10286557A43B5EED054EA',-58,2025-03-12 13:08:47
b'7C9EB1F95F3F022E312B178CD434C28D',-51,2025-03-12 13:10:44
b'CDE2EC3FEE53023FFD688E2F2D1F3FBB',-57,2025-03-12 13:12:50
b'F2CDA9C3D19C02D02FE4203D8D1CC85C',-57,2025-03-12 13:14:33
b'19C7836C3A6602EDEC688876A4110821',-60,2025-03-12 13:14:53
b'13B5644430E40211B156D6FDFFBD8A60',-53,2025-03-12 13:15:23
b'C630D013E591021CA5BAE1912FB4EEDA',-56,2025-03-12 13:16:25
b'49D3262D6A7202E420CE773A8667682B',-57,2025-03-12 13:16:31
b'709D28C9533C029CE82817DBA01A0E0C',-53,2025-03-12 13:17:34
b'80D16400190C02D71C31C318446E6C12',-58,2025-03-12 13:17:16
b'6A98379B93B4027353CA8E94C5919A4F',-51,2025-03-12 13:17:50
b'300E33C2A9200295C83D5F6DDEAD2004',-57,2025-03-12 13:17:31
b'5AE7116179B602AE0E33569BE3B04849',-53,2025-03-12 13:17:33
b'15D4F85C3665028FD4DB31000CC70BA0',-58,2025-03-12 13:18:41
b'6A6BFDABF3B6023C99221AD5803EA34F',-57,2025-03-12 13:18:11
b'D907806FFA560272BD8E713A7F6AC539',-60,2025-03-12 13:19:45
b'01C1030C226002C413ABF6C3EB650D22',-51,2025-03-12 13:19:41
b'388FB2E81B2E02216B5F1503C1AAF705',-57,2025-03-12 13:20:21
b'C3715F07E0D00241AE724CF0C61F657A',-57,2025-03-12 13:22:43
b'B63CB3D2958D020FDC2AC7DE535453D4',-53,2025-03-12 13:23:19
b'91E5214EB244025B06FD4E29738C9230',-51,2025-03-12 13:23:53
b'5604BC5175B5020B63BBB1FB042B8EC8',-57,2025-03-12 13:23:40
b'E43B66917D150201638E0F14A9663F9E',-60,2025-03-12 13:24:51
b'77DF67DFEEF1024F7772D61488ACE4EC',-58,2025-03-12 13:24:47
b'14847658372502F030919C661DE1BC80',-51,2025-03-12 13:24:15
b'F03E26F109120220D64322C61567661C',-57,2025-03-12 13:24:23
b'7AEFEBE159BE02B394F27F6FF52F204D',-56,2025-03-12 13:24:34
b'6758BC9544F9029CB602A25C08BA88EE',-57,2025-03-12 13:25:37
b'5CE66373C53B02E8B88BB103EEFB6F89',-57,2025-03-12 13:26:21
b'1A770C6A83AA02482BF27A45AA503141',-60,2025-03-12 13:26:51
b'81919504184C02E20541F59F0CAD5732',-58,2025-03-12 13:28:22
b'9B17476C02CA027062F644E8D39A2971',-51,2025-03-12 13:28:28
b'E4B8F39BC719020FFFE0CDACA4D5AD9E',-57,2025-03-12 13:28:29
b'288B09A80B2A02EDF3745C20AB05DC07',-57,2025-03-12 13:29:34
b'8B63A726A8C202EBEFB55A7D4650C473',-60,2025-03-12 13:29:15
b'05D0781C266102C356E684DEA5E3DEA2',-51,2025-03-12 13:29:40
b'1B476F6438E6023B1D15E6DB2B917A61',-57,2025-03-12 13:30:33
b'7AEFB1E159BE023104EEE47A41D5B44D',-53,2025-03-12 13:30:28
b'D3850847F0D40291320058552D877E78',-58,2025-03-12 13:30:54
b'37CF39EECEE30205302BE58CF8905AE4',-51,2025-03-12 13:31:33
b'2DCA14BC0E6B02B3BBD20004DE91FCA7',-56,2025-03-12 13:31:34
b'F63CAED3D59D02CE75B700EBC28914DC',-57,2025-03-12 13:31:45
b'8F626A36ACC302BC6D7E36302D9B86F3',-58,2025-03-12 13:32:20
b'CB837127E8D202CBA3B653D55E3F5A7B',-51,2025-03-12 13:34:20
b'A6AB68A85F87021F6F02844D2039F0D6',-57,2025-03-12 13:34:58
b'AADB9CA2898A02481244F5DBF45B9457',-60,2025-03-12 13:35:30
b'0E02A3302DA302B90A947369F6811CC3',-53,2025-03-12 13:35:25
b'375C6AD414ED02CC0C5D265D276BC1E4',-51,2025-03-12 13:35:51
b'80307230790E02431A6B37B7AE538D12',-56,2025-03-12 13:36:36
b'732D41CFEAF0022D1B25F462456A276C',-57,2025-03-12 13:37:35
b'4D22DA3D6E73027ADBCF49CA450F75AB',-60,2025-03-12 13:37:23
b'23B9E48400E8024C0796661516EB0666',-53,2025-03-12 13:38:19
b'6219528141B802A840C8D7DC711F534E',-58,2025-03-12 13:38:25
b'F0BDA0CBD31C02031E0BE827F97AF41C',-56,2025-03-12 13:38:48
b'DAC7B963F99602E1C418F497C24F3C59',-57,2025-03-12 13:38:27
b'5DD6757D7E7702333F67F6614FC9B7A9',-57,2025-03-12 13:39:47
b'3E7E55FAA7A302FDEE54CE36BCD877C5',-57,2025-03-12 13:40:41
b'FB0FABED62D2022B12337EA27A45AC7D',-57,2025-03-12 13:41:34
b'E2391483C19802415A18F9B1CA51825E',-51,2025-03-12 13:41:38
b'F0AD47CBD31C02CA19692A98E159E91C',-57,2025-03-12 13:42:18
b'05C0321C26610207FB5395483DA206A2',-60,2025-03-12 13:43:44
b'85908C141C4D02F27E01C9B9A68A4AB2',-58,2025-03-12 13:43:47
b'5355B74570F4029331020BD9DE21BA68',-51,2025-03-12 13:44:24
b'C6C09113E591029B7ACDBDD9EE3425DA',-57,2025-03-12 13:44:34
b'88D3AF20110E02B2FB3C88AD12BB7513',-57,2025-03-12 13:47:22
b'61A90087F874021B3D34A69DB1736F2E',-58,2025-03-12 13:47:19
b'65D8649D46790211327634977611ADAE',-57,2025-03-12 13:48:44
b'D0B5FB4BF31402A2572025CB1E4E1E18',-56,2025-03-12 13:48:34
b'374C3BD414ED02D76789EAB702C28EE4',-53,2025-03-12 13:48:35
b'C6B36D195F9D02BFCFE3A2C79345A4DA',-58,2025-03-12 13:48:41
b'0CF2E332952F02BFF0CB4D10B58A3483',-51,2025-03-12 13:49:27
b'721D36C151BC02282240E0C73F0C6C4C',-56,2025-03-12 13:49:19
b'FD7F30FF49790260E60BE639ED199CBD',-58,2025-03-12 13:51:11
b'D5C4BF652C5B02C3B46BFFF18C0663B8',-57,2025-03-12 13:51:17
b'A4A84A9A8709029A90C9721BFCD49796',-57,2025-03-12 13:51:10
b'1F4648743CE702F1B374F424C55983E1',-57,2025-03-12 13:52:43
b'2E1AA8B00DAB02D890B9F001114599C7',-56,2025-03-12 13:52:48
b'79AF03E7E0720236EBC8D1C91000FA2D',-51,2025-03-12 13:53:53
b'7C1D97F3E5330260FD18BCD7651C038D',-57,2025-03-12 13:53:12
b'5FA643757CF7021E1EA143602016B7E9',-56,2025-03-12 13:53:37
b'B05D4DCA930C02CC8F77C867C7FB1514',-60,2025-03-12 13:53:31
b'F5FC74DFD65D020DCD1977979764A4BC',-57,2025-03-12 13:54:39
b'A8ABB3AA8B0A02A0148713B67E330717',-57,2025-03-12 13:55:32
b'9D16C77EBE470225870924B023FA6AB1',-53,2025-03-12 13:58:54
b'90262B70690A02445DA2A90F43AF3810',-58,2025-03-12 13:58:24
b'93656046B0C402D6F7F7862A44598470',-51,2025-03-12 13:58:35
b'3039606283B937400017A292',-57,2025-03-12 13:59:25
b'ACDA8DB035070264EDD7714449ACB097',-56,2025-03-12 13:59:58
b'AB1B38AC32C602E801F874E79E4DC677',-57,2025-03-12 13:59:16
b'B9EFF5EE9A4E02EA013CE36797BFA535',-53,2025-03-12 14:00:27
b'56045C5175B50289AC9E707D4C9BB9C8',-57,2025-03-12 14:01:37
b'5744075574F502D9E650A663C50AE2E8',-56,2025-03-12 14:01:22
b'0142D936F86E024BCAD8C246C5553022',-60,2025-03-12 14:02:58
b'9B677B66B8C6023D8E85DFD94CF05471',-53,2025-03-12 14:02:34
b'088337282B220202BB01E719BFDFFC03',-58,2025-03-12 14:03:23
b'A99B95A4304602A6FC4FEF6295172837',-60,2025-03-12 14:03:13
b'9714865C0EC90218E9CA95E4478054F0',-58,2025-03-12 14:03:28
b'E6BB44A91F97020B37A2CFAE2517B2DE',-51,2025-03-12 14:03:15
b'0610F91025A1025581101EA8E467CDC2',-56,2025-03-12 14:03:51
b'50E51643C9380289CC2B121EE5914008',-57,2025-03-12 14:04:13
b'7C9EE6F95F3F022BB1FB1DD875ABA08D',-57,2025-03-12 14:05:54
b'D504385FF65502C1B102BCE66D8790B8',-53,2025-03-12 14:05:14
b'24883C98072902525AA871ACD1985586',-58,2025-03-12 14:05:24
b'59D71F6D7A7602F8D2BF93E28C01DE29',-51,2025-03-12 14:05:18
b'CFF14C3D56DF0235975EF2E455FBC5FB',-57,2025-03-12 14:05:51
b'5494D2597735024B5B1D139051EC7D88',-56,2025-03-12 14:06:51
b'CE32B633ED930235769813A584C56CDB',-57,2025-03-12 14:06:28
b'D225AC43F194021FF08459D1FE496E58',-58,2025-03-12 14:06:45
b'46E0C71165B1023BA3FF1E0DD74505CA',-51,2025-03-12 14:07:55
b'9B672566B8C6026A6BE389FA6BCDB171',-57,2025-03-12 14:07:30
b'EA3B59A3C99A0226F94014006528F95F',-53,2025-03-12 14:08:19
b'6A98BEABF3B6023F6B8DB927CFC5A84F',-51,2025-03-12 14:09:22
b'28080092D124028246481A3CAC242207',-57,2025-03-12 14:09:49
b'A1E9568E82480259A301D4DCDB407536',-57,2025-03-12 14:09:58
b'67A8339544F9023E875676B8F44204EE',-58,2025-03-12 14:09:32
b'DB876367F8D6027276CCA847543B7979',-57,2025-03-12 14:09:22
b'B0AD02CA930C02A2B14039EE10CE5714',-56,2025-03-12 14:10:17
b'CCC22631551F02F7A94D628F83F1989B',-57,2025-03-12 14:10:43
b'50E52843C9380248FBAF3742A0319008',-57,2025-03-12 14:10:14
b'8620D812A58102FBD9677D5889DD3BD2',-56,2025-03-12 14:10:56
b'A8AB3FAA8B0A02775F19442F25EDC217',-57,2025-03-12 14:10:15
b'15C4B85C3665021644E51B1D647B8FA0',-57,2025-03-12 14:11:29
b'4DD2A43D6E73025485944842C5598FAB',-51,2025-03-12 14:11:43
b'CA436729539E02F2962C27E1C790945B',-57,2025-03-12 14:11:17
b'C2214E03E19002C8A8577635305A865A',-57,2025-03-12 14:14:52
b'7EEE91F15DBF0277E84463A152928CCD',-57,2025-03-12 14:15:36
b'65C81F9D46790294BE0485D171A357AE',-53,2025-03-12 14:15:17
b'F50C80DFD65D0236042EC1001A40EDBC',-51,2025-03-12 14:16:52
b'8361B806A0C0020F69289F5F84B6C772',-57,2025-03-12 14:17:36
b'5D26A97D7E7702B0A9012A296857C5A9',-57,2025-03-12 14:17:43
b'A2292882818802902CD606C0EEC1EC56',-57,2025-03-12 14:17:29
b'1A77CE6A83AA02E07876F0B975ABDE41',-53,2025-03-12 14:18:21
b'56141D5175B5025C4BA63F0304CBCBC8',-57,2025-03-12 14:18:22
b'3BBF94E418EE02EFDCF2C20C48666465',-58,2025-03-12 14:18:10
b'95F4635EB645028042E69841A32A9CB0',-60,2025-03-12 14:19:48
b'1205824031A402CF41CEE48389238A40',-58,2025-03-12 14:19:40
b'73AD33C550FC029065B1DE9FC450526C',-56,2025-03-12 14:20:49
b'DF76C877FCD702F229AE51180083C5F9',-57,2025-03-12 14:20:14
b'61A91A87F87402D545E0B72F2593C02E',-60,2025-03-12 14:20:50
b'0600701025A102CD53F4F9883A0387C2',-51,2025-03-12 14:21:36
b'8B137A2C12CE026348F2E7A4B1F88673',-57,2025-03-12 14:21:54
b'6129E58D427802C106165567673BE22E',-56,2025-03-12 14:22:10
b'BFEDA3FC26C302298ECBE828184F54F5',-57,2025-03-12 14:23:17
b'C0B12B0BE31002DE8A25757B7469871A',-51,2025-03-12 14:23:27
b'375C53D414ED02461A70839F111566E4',-57,2025-03-12 14:24:40
b'A7681D9684C90257B1050ADF942CC0F6',-56,2025-03-12 14:26:52
b'8B73B826A8C202B11909C5EBFC744C73',-57,2025-03-12 14:27:31
b'26785E9ABFA50298D80541B0473004C6',-57,2025-03-12 14:27:15
b'1FB66C743CE702B51FDE1DE959E713E1',-60,2025-03-12 14:27:58
b'BCDE27F0250302E80E3A4FED6BF43595',-53,2025-03-12 14:28:56
b'1F36857E86EB023478B95ED4BA6E53E1',-58,2025-03-12 14:28:40
b'3C9EC9F81F2F026C2739AD65E2F44885',-57,2025-03-12 14:28:40
b'48933C296B3202288CE8712392FAA60B',-57,2025-03-12 14:29:35
b'9315E24C0AC80287FC869C2F22519070',-58,2025-03-12 14:29:39
b'2538BD9C0669027555BD8A2046492CA6',-51,2025-03-12 14:30:22
b'83E2290C1ACC02172D8315813301CA72',-56,2025-03-12 14:31:50
b'287BFCA80B2A02FD015E7B9FB4C65507',-57,2025-03-12 14:32:43
b'29BB94A6B06602EF8D74404C1ADEEF27',-53,2025-03-12 14:34:16
b'42612A0BDBBC02CCE15517332148174A',-51,2025-03-12 14:34:30
b'C1F1750FE250028A3AEC7C3BC9E5883A',-56,2025-03-12 14:34:16
b'EB8BA9A7C8DA02CFCE36555B64C6A07F',-57,2025-03-12 14:35:26
b'B71CA4DC2EC1029A314296C01960BDF4',-53,2025-03-12 14:35:46
b'8AD31422A98202A0EB4AC5C9DC00D253',-57,2025-03-12 14:35:35
b'681806A3F1360223FDD45FEB2C11D60F',-60,2025-03-12 14:36:53
b'24783D980729029D25EEA806FFD44386',-51,2025-03-12 14:36:24
b'F3FE4FCD6AD00258E8C1579BDB786C7C',-56,2025-03-12 14:37:22
b'394CC2D6C06002C65695ABC3BF663225',-60,2025-03-12 14:37:33
b'AF9A69B68CCB021F6C0C98C5CFB6B1F7',-58,2025-03-12 14:37:39
b'E5F8319FC659025C8C1354D5BF6CFABE',-57,2025-03-12 14:37:52
b'20F96682B924020B1BD5F205D7464406',-56,2025-03-12 14:38:19
b'F64CD1D96F91025484588FC2BCB5C7DC',-57,2025-03-12 14:39:19
b'3039606283B67A40000B4E0F',-53,2025-03-12 14:39:21
b'0C011832952F026A0DF3477325673883',-58,2025-03-12 14:39:26
b'E0C90D81791402907CB6899D8032731E',-56,2025-03-12 14:39:10
b'0600BF1025A102144E8B37F9700104C2',-57,2025-03-12 14:41:59
b'D185DE45485802D0FBD25A31087A7838',-53,2025-03-12 14:41:59
b'DD861775445B02266AC1505434C519B9',-58,2025-03-12 14:42:19
b'3F4EABF41CEF02EA7499AE75118DDAE5',-56,2025-03-12 14:44:36
b'09C3392C2A6202EDB02335E017D7BB23',-57,2025-03-12 14:44:54
b'11C5164C326402C234577A41D824F920',-57,2025-03-12 14:46:26
b'F4CC61D16D11024DD54AFDC8724F699C',-60,2025-03-12 14:46:44
b'95E4BA5EB64502C1C5A53D36646D82B0',-58,2025-03-12 14:46:26
b'25B8B596BC650242B36C465D042183A6',-57,2025-03-12 14:46:59
b'C181EE05585C02DC518D89B290E4A73A',-56,2025-03-12 14:46:47
b'5A673A6BC3BA0222F4B31906F16DB449',-57,2025-03-12 14:48:13
b'7C9E60F95F3F02BA15B60E9D95581B8D',-57,2025-03-12 14:49:23
b'13C6787EEAEA025B25D360C3095ECD60',-56,2025-03-12 14:51:47
b'F70C32DD6ED1020855A7D9CB25CEEFFC',-57,2025-03-12 14:51:54
b'BF6E8CF69CCF02BBE895F344F4D7EDF5',-57,2025-03-12 14:53:31
b'A8BB88AA8B0A0202E4BE72C101534E17',-53,2025-03-12 14:53:19
b'8D929334144F026CFF939A79180D52B3',-58,2025-03-12 14:54:56
b'3039606283B7258000175876',-57,2025-03-12 14:54:35
b'C2316803E190029C3B59BC9B93CF2B5A',-56,2025-03-12 14:54:34
b'0470261827210208A25986D9C5BAD882',-57,2025-03-12 14:54:12
b'AB6BFFA688CA028A967B5C7384A6F677',-57,2025-03-12 14:55:31
b'A4A8529A870902DEF95E9CB9D7862296',-51,2025-03-12 14:55:53
b'F5EC37DFD65D02029905E5B4836213BC',-57,2025-03-12 14:55:23
b'2B3B86AEB2E602B572D31C7E98448167',-57,2025-03-12 14:56:54
b'5265894BCBB8029F3B521A965F826648',-60,2025-03-12 14:56:47
b'05B01C169C6D02776CABEA7C12EDD0A2',-58,2025-03-12 14:57:11
b'E4C8D9917D1502D1897862B329B4279E',-57,2025-03-12 14:57:48
b'A059C68A8308025F04A88C4B1E247716',-53,2025-03-12 14:57:20
b'9DE64D7EBE4702EAC9D37CC1D981E3B1',-56,2025-03-12 14:57:58
b'52E5684171B4029C63F9182BC952B248',-60,2025-03-12 14:59:51
b'D7649457F4D502869FD7A81D81FB17F8',-53,2025-03-12 15:00:22
b'0DD2B03C2E630269158C9DB567688EA3',-51,2025-03-12 15:00:19
b'732DE9CFEAF002191B2033503FEBB06C',-57,2025-03-12 15:01:58
b'8ED28F32AD83026A92F9D0C7BAAC88D3',-56,2025-03-12 15:02:46
b'D1850045485802175B764808D2997738',-57,2025-03-12 15:02:28
b'B76CC4D694CD02496E95D8CED008ABF4',-53,2025-03-12 15:02:33
b'3039606283B67A00000DCFC1',-51,2025-03-12 15:02:48
b'0CF29F32952F0276C1732BF308823883',-56,2025-03-12 15:03:40
b'1A779B6A83AA020C22AD3803FE1DA941',-57,2025-03-12 15:03:39
b'BF1E4CFC26C302363C6115AEF1B022F5',-53,2025-03-12 15:03:29
b'0E722F3A97AF0228BE183A11EC247BC3',-51,2025-03-12 15:07:53
b'3DBE04F6A46302A380216D454E1B8EA5',-56,2025-03-12 15:07:16
b'7E1E17F15DBF02D8F6C9ADC127E16ECD',-51,2025-03-12 15:07:31
b'7F2E11FFE6F3027328FB5A21888B35ED',-57,2025-03-12 15:07:59
b'CB83F827E8D202795134E39CCEFCBB7B',-58,2025-03-12 15:07:23
b'1604BC5035A5029B641896E590A885C0',-51,2025-03-12 15:09:39
b'CE222D33ED930235D759FF869FB721DB',-51,2025-03-12 15:11:46
b'19C7016C3A66022618246147DB054A21',-57,2025-03-12 15:14:51
b'30FD96C2A9200257B58DB82A6769A404',-57,2025-03-12 15:14:58
b'FD8E32F5645302E6156A7DF3713F9DBD',-60,2025-03-12 15:15:41
b'FCBE35FBDF1F0222C6B4E715B7AEB09D',-58,2025-03-12 15:22:17
b'03312A0E9AEC025158073C2804330A62',-51,2025-03-12 15:22:54
b'AB9B44A688CA02719C251656020A5777',-57,2025-03-12 15:22:39
b'368FB2EACFA3027BF4E926F6909478C4',-57,2025-03-12 15:22:30
b'14845558372502549BDDE6EDEF94AA80',-51,2025-03-12 15:23:11
b'701E0FC3E9300207141CC9733FCB7D0C',-57,2025-03-12 15:23:50
b'BE5E57F82783023AC2410E80BAB392D5',-56,2025-03-12 15:23:12
b'C4334C115D1D027191EFDBD7BE10229A',-57,2025-03-12 15:24:59
b'9F96EC76BCC702E31A43528BF83422F1',-58,2025-03-12 15:24:24
b'49A3A227D07E027F30DC163F0C79492B',-51,2025-03-12 15:25:59
b'0B33BA2E92EE02ED6B7B94C526E5F863',-53,2025-03-12 15:26:24
b'9D963C74044B02FAEE01733321241BB1',-51,2025-03-12 15:27:51
b'E98BFDA5705602C4B0F0297CCF286D3F',-56,2025-03-12 15:27:41
b'3B3F6EEEA2E20236B5388855A8E9A465',-57,2025-03-12 15:28:12
b'9654EC580F89025F726CDF85A76B60D0',-60,2025-03-12 15:28:40
b'88D33C20110E027E8989B3B606B1D313',-56,2025-03-12 15:28:34
b'2BBB56A408EA02F3C33431667C30D867',-57,2025-03-12 15:30:56
b'2C7ADDB80F2B02710534EE7806981887',-53,2025-03-12 15:30:56
b'8D618A04744D027537D2BF5DB6DF07B3',-58,2025-03-12 15:31:52
b'E8BB2FABCB1A02BDC1165DF19254411F',-57,2025-03-12 15:32:46
b'D6B72D594F9902D96D4E5D0A21DDD5D8',-57,2025-03-12 15:34:53
b'8B131B2C12CE02EA480007A073662473',-53,2025-03-12 15:37:30
b'0C924A382F230290A431B76365C8DB83',-58,2025-03-12 15:37:50
b'EBF87F9D12D40224870A7C13554CAF7F',-56,2025-03-12 15:38:32
b'6DAAD1B7F4770217D1F4E4ABE130C9AF',-57,2025-03-12 15:38:31
b'98244960010A02A3827C847871C9C011',-53,2025-03-12 15:38:27
b'C8C3B321511E02F543A497973537811B',-51,2025-03-12 15:39:51
b'3DBE16F6A463027CD40E0AA22CA160A5',-57,2025-03-12 15:40:46
b'8D612834144F02B75F2B576CA24EF8B3',-60,2025-03-12 15:41:17
b'9C253840650902FFC01DAFF26E6B9091',-53,2025-03-12 15:43:40
b'B36DD0C690CC029FEA72F8B1D3D79974',-58,2025-03-12 15:44:24
b'8DE2F23EAE4302F9E403E86DB189AAB3',-51,2025-03-12 15:45:51
b'DFF5957D46DB022CA52514B1B28122F9',-57,2025-03-12 15:45:15
b'5325194FCAF802199BED44AABB4F2068',-57,2025-03-12 15:48:12
b'56979D5BCFB902812CD52EA2992E75C8',-53,2025-03-12 15:48:54
b'20F92982B9240253AE1EC2EBAB8F4606',-58,2025-03-12 15:49:53
b'1BB7BC6438E6028DE693D0152B2AD161',-51,2025-03-12 15:51:18
b'CE421F39579F02399F391419F00740DB',-56,2025-03-12 15:55:10
b'B71CF5DC2EC1021D6392FF44F90185F4',-57,2025-03-12 15:55:39
b'45537527BC7F024359C8115ACE8D1AAA',-51,2025-03-12 15:56:25
b'0A73242A93AE0230CCBED55B3A669D43',-57,2025-03-12 16:00:19
b'F50C62DFD65D020DB0DA93CBBA707DBC',-57,2025-03-12 16:03:45
b'DEB59C49279902E6ADFF1C2C59DC46D9',-60,2025-03-12 16:05:54
b'43A15A0560F0024102D410B8E26FD86A',-53,2025-03-12 16:05:59
b'8590F7141C4D0259C98AF51A9A3AB5B2',-51,2025-03-12 16:07:12
b'B77C39D694CD02FC253293A3D72F19F4',-56,2025-03-12 16:12:27
b'12056B4031A40299980E7681E254A040',-57,2025-03-12 16:13:31
b'F78C21D7D4DD028787CF0F211A5C64FC',-58,2025-03-12 16:14:14
b'655B67A79C7702B7AC9902CC0EC2D2AE',-51,2025-03-12 16:16:12
b'8960A214704C02E1FBF552A84FFE8033',-57,2025-03-12 16:16:38
b'1F36DE7E86EB02304573FCD64F6AAAE1',-57,2025-03-12 16:16:34
b'AE5A91B83787026C484EDB63838457D7',-51,2025-03-12 16:16:19
b'EE3A42B3CD9B027FC2C6855E0662F0DF',-57,2025-03-12 16:18:27
b'ACDAF4B0350702A89CA1D92717407B97',-56,2025-03-12 16:20:45
b'0A73F62A93AE0274459F166412332243',-57,2025-03-12 16:20:10
b'0DB21D36946F02B05B5A0893D94299A3',-58,2025-03-12 16:21:18
b'07C3F12EFEEF029134973201D19C01E2',-51,2025-03-12 16:22:39
b'D987E265405A02BE673749588D877139',-56,2025-03-12 16:30:16
b'CD711435545F02356DF94F0D22E1F1BB',-60,2025-03-12 16:32:36
b'0740ED1424E10247D46ED441063F6DE2',-57,2025-03-12 16:32:31
b'68EBBBA3F13602EA69A59CD7694F500F',-57,2025-03-12 16:32:50
b'1335954E8AE802456AC4F517584AC360',-57,2025-03-12 16:35:17
b'47A0831564F10241751918F962A2AFEA',-60,2025-03-12 16:38:49
b'5355234570F4026CED1D1321A25FF068',-53,2025-03-12 16:38:21
b'77DFEEEF8EF3024813D8C4438BACB0EC',-51,2025-03-12 16:43:47
b'2D493B86D46502E481959DD3D8551CA7',-57,2025-03-12 16:44:44
b'49503427D07E026060043B4CF28CEE2B',-56,2025-03-12 16:46:56
b'CCC22231551F02F5C2FFA6A95685049B',-57,2025-03-12 16:46:45
b'8AA0C828138E02AF140D700DF3E0C853',-60,2025-03-12 16:46:25
b'F18D51C56850025D87DF4CE988E8573C',-53,2025-03-12 16:48:22
b'A99B75A43046022439177372CED2C537',-58,2025-03-12 16:49:41
b'4321CE0FDAFC021F5703562B052FDE6A',-56,2025-03-12 16:51:56
b'20F97E82B92402C271BE57E06C8DA406',-57,2025-03-12 16:51:23
b'CC426B3BEF1302FEA30D74E92D97129B',-53,2025-03-12 16:54:11
b'ACDA45B0350702D1F429883ADC32A697',-57,2025-03-12 16:56:50
b'D2459F494B9802CD7348886D55198A58',-57,2025-03-12 16:56:18
b'80D14700190C0223287166C54F4A9812',-57,2025-03-12 17:17:40
b'71AD60C7E8700282BCB18AC07A2E352C',-57,2025-03-12 17:26:12
b'91E52F4EB2440215B5B71F4BDF407830',-53,2025-03-12 17:34:10
b'5DE6FE47A4790215D519BC258D5B0EA9',-51,2025-03-12 17:44:40
b'B76CB0D694CD025B9A4B8EEBEA8026F4',-57,2025-03-12 17:44:35
b'F20D1CF90B92028ABAEE4168C316E65C',-53,2025-03-12 17:44:12
b'4720161FDEFD02C438E5E6EBAC09BBEA',-51,2025-03-12 18:12:29
b'1FC5E87E86EB0268099321B3EF826BE1',-57,2025-03-12 18:52:59
b'C48037213D1F02D497FFD9B2E8646C9A',-53,2025-03-12 18:52:54
